dataset,length_group,label,samples,average_words,median_words
train,short,Human,5971,19.720649807402445,20.0
train,short,AI,136,19.74264705882353,22.0
train,medium,Human,15280,61.44168848167539,59.5
train,medium,AI,1997,79.83324987481222,84.0
train,long,Human,15833,249.3517968799343,185.0
train,long,AI,16256,186.931656003937,183.0
validation,short,Human,1344,19.972470238095237,21.0
validation,short,AI,23,18.17391304347826,22.0
validation,medium,Human,3207,61.74680386654194,59.0
validation,medium,AI,392,81.48979591836735,85.0
validation,long,Human,3415,251.2878477306003,186.0
validation,long,AI,3514,186.46300512236766,181.0
