threshold,accuracy,precision,recall,f1,human_false_positives,ai_false_negatives
0.3,0.7307692307692307,0.6111111111111112,1.0,0.7586206896551724,7,0
0.35,0.7307692307692307,0.625,0.9090909090909091,0.7407407407407407,6,1
0.4,0.7307692307692307,0.625,0.9090909090909091,0.7407407407407407,6,1
0.45,0.7692307692307693,0.6666666666666666,0.9090909090909091,0.7692307692307693,5,1
0.5,0.8076923076923077,0.7142857142857143,0.9090909090909091,0.8,4,1
0.55,0.8076923076923077,0.7142857142857143,0.9090909090909091,0.8,4,1
0.6,0.8846153846153846,0.8333333333333334,0.9090909090909091,0.8695652173913043,2,1
0.65,0.9230769230769231,0.9090909090909091,0.9090909090909091,0.9090909090909091,1,1
0.7,0.9230769230769231,0.9090909090909091,0.9090909090909091,0.9090909090909091,1,1
0.75,0.9615384615384616,1.0,0.9090909090909091,0.9523809523809523,0,1
