text,label,category,length_group,actual_label,predicted_label,actual_label_name,predicted_label_name,ai_probability,human_probability,correct
"Honestly, trying to keep up with new technology is exhausting. It feels like every time I finally learn a new app, three more show up.",0,Human-Casual,short,0,1,Human,AI,0.6157632186246118,0.3842367813753882,False
"Yesterday I went to college early because I had to submit my project. I thought I would finish quickly, but my friend called me for lunch and we ended up talking for almost two hours.",0,Human-Personal,medium,0,0,Human,Human,0.05246244673263293,0.9475375532673671,True
"I don't really like studying late at night. I can sit with the book for hours, but after a certain point nothing actually stays in my head.",0,Human-Casual,short,0,1,Human,AI,0.590184554753548,0.40981544524645197,False
My laptop suddenly stopped working yesterday and I spent nearly an hour checking cables before realizing the charger wasn't plugged in properly.,0,Human-Personal,short,0,0,Human,Human,0.2551824736894504,0.7448175263105496,True
"Our professor explained the topic today, but I still didn't understand the last part. I think I'll go through the notes again before tomorrow's class.",0,Human-Student,short,0,0,Human,Human,0.3363329471106259,0.6636670528893741,True
"I started working on the project a little late, so now I'm trying to finish the documentation and testing before the deadline.",0,Human-Student,short,0,0,Human,Human,0.26223731157388286,0.7377626884261171,True
"The first version of our program had quite a few errors. We fixed most of them, although there are still some things that need testing.",0,Human-Technical,short,0,0,Human,Human,0.2066186489946136,0.7933813510053864,True
"Technology makes life easier, but I think we depend on it a little too much sometimes. There are days when I just want to put my phone away and do something without checking a screen.",0,Human-Opinion,medium,0,1,Human,AI,0.5547595620965016,0.44524043790349843,False
"I don't think every problem needs a complicated solution. Sometimes the simple approach works better, especially when people actually have to use the system.",0,Human-Opinion,short,0,0,Human,Human,0.21836576387207599,0.781634236127924,True
"College life has been pretty unpredictable this semester. Some weeks are relaxed and I have plenty of time to work on projects, while other weeks seem to have assignments, tests and presentations all at once. I usually make a plan at the beginning of the week, but somehow something always changes. Still, I think I'm getting better at managing everything compared with last year.",0,Human-Long,long,0,0,Human,Human,0.47269826642370416,0.5273017335762958,True
"When I first started learning programming, I used to get stuck on very small mistakes. I would spend a lot of time looking at the same piece of code without noticing what was wrong. Eventually I started using simple debugging techniques and reading error messages more carefully. I still make plenty of mistakes, but now I usually have a better idea of where to look.",0,Human-Long,long,0,1,Human,AI,0.7061954278287063,0.29380457217129374,False
"Artificial intelligence is transforming the modern world by enabling machines to analyze information, recognize patterns, and generate meaningful content. These capabilities are being applied across numerous industries to improve efficiency and support decision-making.",1,AI-General,medium,1,1,AI,AI,0.9818340518211885,0.018165948178811453,True
"Artificial intelligence has become one of the most transformative technologies of the modern era. It is being used across healthcare, education, finance, manufacturing, transportation, and many other industries.",1,AI-General,short,1,1,AI,AI,0.9374718774304508,0.0625281225695492,True
AI systems generate text by predicting the most likely sequence of words based on patterns learned from large datasets. This allows modern language models to produce coherent and contextually relevant responses.,1,AI-Technical,medium,1,1,AI,AI,0.846778610269584,0.153221389730416,True
"The integration of artificial intelligence into educational environments has significantly enhanced the potential for personalized learning. By analyzing student performance and behavioral patterns, intelligent systems can provide adaptive instructional content and targeted feedback.",1,AI-Academic,medium,1,1,AI,AI,0.9874154222611013,0.01258457773889865,True
"The development of intelligent computational systems has introduced significant opportunities for improving organizational productivity. Automated data analysis, predictive modeling, and natural language processing enable institutions to make more informed decisions.",1,AI-Academic,short,1,1,AI,AI,0.9716831533069422,0.028316846693057784,True
The implementation of advanced technological solutions continuously enhances operational efficiency while simultaneously reducing resource consumption. Organizations can therefore leverage digital transformation to achieve sustainable improvements in productivity.,1,AI-Formal,short,1,1,AI,AI,0.9827869174882343,0.017213082511765676,True
"Modern technological developments continue to reshape the way individuals interact with digital systems. As computational capabilities increase, organizations are increasingly adopting intelligent solutions to optimize processes and improve overall performance.",1,AI-Formal,short,1,1,AI,AI,0.9666504550250941,0.03334954497490594,True
"Artificial intelligence has emerged as a significant technological development with applications across a wide range of domains. Modern AI systems are capable of processing large volumes of information, identifying complex patterns, generating natural language, and assisting users with a variety of tasks. In healthcare, these systems can support medical analysis and improve diagnostic workflows. In education, they can provide personalized learning experiences and automated feedback. Businesses can utilize AI to optimize operations, analyze customer behavior, and improve strategic decision-making. As these technologies continue to evolve, their influence on society is expected to increase considerably.",1,AI-Long,long,1,1,AI,AI,0.981685445987224,0.01831455401277604,True
"The rapid advancement of digital technologies has fundamentally changed the way organizations operate and communicate. Artificial intelligence, in particular, provides powerful capabilities for analyzing data, automating repetitive processes, and generating valuable insights. These systems can improve productivity while reducing operational costs and enabling organizations to respond more effectively to changing market conditions. However, successful implementation requires careful consideration of data quality, security, ethical responsibilities, and human oversight. Consequently, organizations must adopt balanced strategies that combine technological innovation with responsible governance.",1,AI-Long,long,1,1,AI,AI,0.992566664695413,0.007433335304587008,True
Artificial intelligence improves productivity by automating repetitive tasks and analyzing complex information efficiently.,1,AI-Short,short,1,1,AI,AI,0.9711827342329199,0.028817265767080102,True
Modern AI systems can generate coherent text by learning statistical patterns from extremely large collections of data.,1,AI-Short,short,1,0,AI,Human,0.31519258908305964,0.6848074109169404,False
I forgot my charger at home again.,0,Human-VeryShort,very_short,0,0,Human,Human,0.05600959981335408,0.9439904001866459,True
The bus was late this morning.,0,Human-VeryShort,very_short,0,0,Human,Human,0.08234588798377503,0.9176541120162249,True
I finished my assignment yesterday.,0,Human-Short,very_short,0,0,Human,Human,0.13056065583671017,0.8694393441632898,True
My friend helped me fix the code.,0,Human-Short,very_short,0,0,Human,Human,0.42981872621830636,0.5701812737816936,True
