dataset,threshold,accuracy,precision,recall,f1,human_false_positives,ai_false_negatives,samples
HC3,0.5,0.916099201345103,0.8488455129731016,0.9076100789004836,0.8772447724477245,635,363,11895
HC3,0.6,0.9175283732660782,0.8893291072371896,0.8569610587935862,0.8728451069345431,419,562,11895
HC3,0.65,0.912484237074401,0.9013340744858255,0.8254008653601426,0.8616978876046234,355,686,11895
HC3,0.7,0.903656998738966,0.9137674695212608,0.7821328582336472,0.8428414701042238,290,856,11895
HC3,0.75,0.8918873476250525,0.9253299002252977,0.7317383558157292,0.8172256964184196,232,1054,11895
SentenceAI,0.5,0.8575,0.868937048503612,0.842,0.8552564753682073,127,158,2000
SentenceAI,0.6,0.8545,0.9023836549375709,0.795,0.8452950558213717,86,205,2000
SentenceAI,0.65,0.844,0.9174757281553398,0.756,0.8289473684210527,68,244,2000
SentenceAI,0.7,0.8335,0.9359477124183007,0.716,0.8113314447592068,49,284,2000
SentenceAI,0.75,0.8125,0.9522431259044862,0.658,0.7782377291543465,33,342,2000
RAID,0.5,0.9753333333333334,0.9800598205383848,0.983,0.9815277084373439,20,17,1500
RAID,0.6,0.9666666666666667,0.9876796714579056,0.962,0.9746707193515705,12,38,1500
RAID,0.65,0.9606666666666667,0.993704092339979,0.947,0.9697900665642601,6,53,1500
RAID,0.7,0.948,0.9956989247311828,0.926,0.9595854922279793,4,74,1500
RAID,0.75,0.9346666666666666,0.9966960352422908,0.905,0.9486373165618449,3,95,1500
