id,strategy,C,cal_accuracy,cal_precision,cal_recall,cal_f1,cal_short_f1,cal_roc_auc,cal_FP,cal_FN,thresholds,desc
V3.1_Reference,v31_baseline,2.0,0.8809,0.8547,0.9091,0.8811,0.8576,0.939,68,40,"{'very_short': 0.4, 'short': 0.41, 'medium': 0.58, 'long': 0.47}","Baseline V3.1 Multipliers [1.50, 1.25, 0.75, 0.50], C=2.0"
Strat1_Mod_C1.0,strat1_moderated,1.0,0.8809,0.8722,0.8841,0.8781,0.8562,0.9342,57,51,"{'very_short': 0.47, 'short': 0.47, 'medium': 0.59, 'long': 0.35}","Strat 1 Moderated Multipliers [1.15, 1.10, 0.85, 0.70], C=1.0"
Strat1_Mod_C2.0,strat1_moderated,2.0,0.8853,0.8767,0.8886,0.8826,0.8601,0.9393,55,49,"{'very_short': 0.41, 'short': 0.52, 'medium': 0.57, 'long': 0.36}","Strat 1 Moderated Multipliers [1.15, 1.10, 0.85, 0.70], C=2.0"
Strat1_Mod_C3.0,strat1_moderated,3.0,0.8886,0.8742,0.9,0.8869,0.8611,0.9411,57,44,"{'very_short': 0.36, 'short': 0.5, 'medium': 0.6, 'long': 0.36}","Strat 1 Moderated Multipliers [1.15, 1.10, 0.85, 0.70], C=3.0"
Strat2_Exp_a0.25_C2.0,strat2_exp_decay,2.0,0.882,0.8708,0.8886,0.8796,0.8576,0.9416,58,49,"{'very_short': 0.4, 'short': 0.52, 'medium': 0.59, 'long': 0.39}","Strat 2 Continuous Decay: alpha=0.25, C=2.0"
Strat2_Exp_a0.50_C1.0,strat2_exp_decay,1.0,0.8853,0.8801,0.8841,0.8821,0.8656,0.9369,53,51,"{'very_short': 0.48, 'short': 0.49, 'medium': 0.59, 'long': 0.4}","Strat 2 Continuous Decay: alpha=0.50, C=1.0"
Strat2_Exp_a0.50_C2.0,strat2_exp_decay,2.0,0.8864,0.8736,0.8955,0.8844,0.8616,0.9419,57,46,"{'very_short': 0.37, 'short': 0.53, 'medium': 0.58, 'long': 0.42}","Strat 2 Continuous Decay: alpha=0.50, C=2.0"
Strat2_Exp_a0.50_C3.0,strat2_exp_decay,3.0,0.892,0.8851,0.8932,0.8891,0.8651,0.9435,51,47,"{'very_short': 0.34, 'short': 0.54, 'medium': 0.62, 'long': 0.41}","Strat 2 Continuous Decay: alpha=0.50, C=3.0"
Strat2_Exp_a0.75_C2.0,strat2_exp_decay,2.0,0.892,0.8817,0.8977,0.8896,0.869,0.9421,53,45,"{'very_short': 0.37, 'short': 0.52, 'medium': 0.6, 'long': 0.42}","Strat 2 Continuous Decay: alpha=0.75, C=2.0"
Strat3_Explicit_a0.50_C2.0,strat3_explicit_shortness,2.0,0.8787,0.8587,0.8977,0.8778,0.8605,0.9422,65,45,"{'very_short': 0.39, 'short': 0.46, 'medium': 0.58, 'long': 0.38}","Strat 3 Explicit Shortness Block: alpha=0.50, C=2.0"
Strat3_Explicit_a0.50_C1.0,strat3_explicit_shortness,1.0,0.8853,0.8836,0.8795,0.8815,0.8671,0.937,51,53,"{'very_short': 0.5, 'short': 0.49, 'medium': 0.6, 'long': 0.41}","Strat 3 Explicit Shortness Block: alpha=0.50, C=1.0"
