text,label,prediction,probability,applied_threshold,length_group,dataset,error_type,code_likelihood,contraction_density,pronoun_density,question_density,exclamation_density,capitalization_irregularity
"The Twin Towers of the World Trade Center in New York City were destroyed on September 11, 2001. The North Tower (Tower 1) was completed in 1970, and the South Tower (Tower 2) was completed in 1971, so at the time of their destruction, the Twin Towers were 31 and 30 years old, respectively.",1,0,0.5543981518242,0.62,medium,HC3,False Negative,0.0,0.0,0.0,0.0,0.0,0.037037037
"If a relative is ""first removed,"" that means they are one generation younger or older than your first cousin. For example, if you and your first cousin have the same grandparents, then your first cousin's children would be your first cousins once removed, because they are one generation younger than your first cousin. Does that make sense?",1,0,0.2979804977743759,0.62,medium,HC3,False Negative,0.0,0.0,0.10526316,0.01754386,0.0,0.0
"There is no mini version of Google stock. Google is a publicly traded company, and its stock is listed on the NASDAQ stock exchange under the ticker symbol ""GOOGL."" If you are interested in buying or selling shares of Google stock, you will need to use the GOOGL ticker symbol.",1,0,0.4375814371768862,0.62,medium,HC3,False Negative,0.0,0.0,0.04,0.0,0.0,0.0
"When you yawn, your body is trying to get more oxygen. To do this, your chest expands and your lungs fill up with air. The muscles around your eyes may also stretch and cause your eyes to water. This is a normal bodily response and is nothing to be worried about. It's just your body's way of trying to get more oxygen and keep you healthy. So if your eyes water when you yawn, it's not because you're crying, it's just a normal part of the yawning process.",1,0,0.21491659379130396,0.33,long,HC3,False Negative,0.0,0.045454547,0.125,0.0,0.0,0.0
"Der deutsche Rechnungsbetrug: Wie man seine Skandale vermeidet. Hier sind einige Tipps, die Ihnen helfen können, skandinavische Kriminalität zu verhindern und in zukünftigen Jahren vor diesem Problem zu schützen. Haben...",1,0,0.4404684180913189,0.55,short,RAID,False Negative,0.0,0.0,0.0,0.0,0.0,0.0
"https://t.co/zEJ6hHd7eA pic.twitter.com/Ri2XbxQvT5 — Jens Koppenhöfer (@jkoppenhove) February 16, 2016

More from: Alternative für Deutschland (AfD), EURACTIV Germany",1,0,0.3364103630917693,0.55,short,RAID,False Negative,0.0,0.0,0.0,0.0,0.0,0.1764706
"def diff_evod(n):
    # compute sum of even digits
    evens = sum(d for d in str(n) if d % 2 == 0)
    # compute sum of odd digits
    odds = sum(d for d in str(n) if d % 2 != 0)
    # return the difference
    return evens - odds",1,0,0.6066289403407857,0.62,medium,RAID,False Negative,0.94375,0.0,0.0,0.0,0.0,0.0
"Mitte Oktober plant Präsident David Cameron, automobilhersteller in Großbritannien anzutreiben. Dafür wird er eine neue Konferenz zur Unterstützung der Automobilindustrie veranstalten und die Einschränkungen im Hinblick auf den CO2-Ausstoß fördern. Außenminister William Hague gehört zudem zu ihnen, welcher künftig ein Autoherstellungsprogramm einführen möchte, das es aus britischen Rohstoffen gemachte Fahrzeuge bewirbt.</p>",1,0,0.23337584769387054,0.62,medium,RAID,False Negative,0.0,0.0,0.0,0.0,0.0,0.019607844
"import re 
def get_value(string): 
       s = ""(?P<quote>[\""\'])"" # Define positive look head group in regular expression, set it equal as quote character (as defined previously)  # Look ahead for anything which could be an end-of line   return s if r""[ \t]+[aA]lso|(?:re)[ \r\n]*"".search(_str)<->None else _p['quotate'].group(""end"")",1,0,0.6005705154822848,0.62,medium,RAID,False Negative,1.0,0.0,0.0,0.045454547,0.0,0.06818182
"Die Europäische Union, die Vereinten Nationen und andere Mächte haben sich darauf verständigt. Die USA wurden aber von ihrem Präsident nicht dazu aufgerufen – nachdem sie an der Bildung des Libyerumsatzsteuererklarungsaufragteil beteiligt sind; das heißt nämlich: Barack Obama ließe es eher als Führender eines Wirtschaftsverbandes vorlückern (""Libyan oil sales tax group starts up""). Dabei muss man wissen dass in Frankreich sowohl bei links wie auch rechts einer breiten Bereitschaft entgegenkommt den Irakern Helfer zu werden unter Sockennamen geltend machend - solange kein echter Gegner zum Angriff gewählt ist! Im Vorfeld eine Art Volksbewegtheit? Umso bess er schwebt wenn alle anderen noch gar keine Erfahrungen dieser Machtfrage kürzen ausgelöschen oder zur Unmündigkeit gelangschlägert wurde?! Und dies so län ge daß selber wiederum nur um möglichst zwarfehlende Zugestimmerei wird!!! Man könn jedoch ebenso leiter fraget ob jetzt etwa gleiche Länder belehrt worden weieren hätten aussagen können was ja berechtigen Grund hat!! Auch für einen Fall werde natürlisch überleg sein wo gerade diese Schutzpässe durchgeschickt erscheinen (Kräftebesprechinbiet) am bestimmsten notwendige nötig gebotene Kompetenz/Ü berzeugingen abliefern müssen wir unseres Übrigens kann ich da allerdings meine Meindeure behauptnen! Sehr gut habe mich hier gefunden. Ja Leben sei nun endlich viel frischer bis danach drunttuerkler herab stolpplung... Einfacher menschenkonzentrat find's doff.... Danke sehr fuer deiner Hilfsaermei ufo",1,0,0.2855219827247285,0.33,long,RAID,False Negative,0.0,0.0,0.0,0.009478673,0.037914693,0.014218009
"> ElementaryOS 0.3.1 ist die erste Stable-Version des Linux-Betriebssystems, das sich auf die Bedürfnisse der Mac-Nutzer zugeschnitten hat. Es ist ein Ubuntu-basiertes Betriebssystem, das sich auf die Bedürfnisse der Mac-Nutzer zugeschnitten hat. Es ist ein Ubuntu-basiertes Betriebssystem, das sich auf die Bedürfnisse der Mac-Nutzer zugeschnitten hat. Es ist ein Ubuntu-basiertes Betriebssystem, das sich auf die Bedürfnisse der Mac-Nutzer zugeschnitten hat. Es ist ein Ubuntu-basiertes Betriebssystem, das sich auf die Bedürfnisse der Mac-Nutzer zugeschnitten hat. Es ist ein Ubuntu-basiertes Betriebssystem, das sich auf die Bedürfnisse der Mac-Nutzer zugeschnitten hat. Es ist ein Ubuntu-basiertes Betriebssystem, das sich auf die Bedürfnisse der Mac-Nutzer zugeschnitten hat. Es ist ein Ubuntu-basiertes Betriebssystem, das sich auf die Bedürfnisse der Mac-Nutzer zugeschnitten hat. Es ist ein Ubuntu-basiertes Betriebssystem, das sich auf die Bedürfnisse der Mac-Nutzer zugeschnitten hat. Es ist ein Ubuntu-basiertes Betriebssystem, das sich auf die Bedürfnisse der Mac-Nutzer zugeschnitten hat. Es ist ein Ubuntu-basiertes Betriebssystem, das sich auf die Bedürfnisse der Mac-Nutzer zugeschnitten hat. Es ist ein Ubuntu-basiertes Betriebssystem, das sich auf die Bedürfnisse der Mac-Nutzer zugeschnitten hat. Es ist ein Ubuntu-basiertes Betriebssystem, das sich auf die Bedürfnisse der Mac-Nutzer zugeschnitten",1,0,0.20832120701863532,0.33,long,RAID,False Negative,0.0,0.0,0.0,0.0,0.0,0.08648649
"""Am selben Tag gab die NATO gegenwärtig darüber bekannt, dass bei einem Strafantrag auf einen is-Glaubensfanatiker zwei Insassen der international besetzten Hauptstadt getötet wurden. Ein westliches Militärstellenvertreter gestand spätestens am 29 November 2007 an diesem Vorfall Schuld."" Translation (""A suicide bomber killed ten people on Friday..."") ""... and that at the same time two residents of Afghanistan's capital city were shot dead by foreign troops during a search operation... A western military spokesman confessed responsibility no later than 23rd Nov., [2007]."" There are about 20 more articles but I believe these illustrate what was said above; as far back you can go there will always be mention or indication made for any wrongdoing from those considered to have such power/control over whatever might appear 'bad'. And it'll never change until we ourselves make certain changes (not very likely). But just how hard could this all really truly come? If our minds become closed off then everything else closes down too - if your eyes don't see bad coming into reality when given examples like found here why should they notice anything otherways occurring simultaneously elsewhere even while still reading only mainstream media outlets?! How do things ever improve since with each new case being reported comes another reason which leads them onto next topic soon enough regardless whether true story based events happen today again tomorrow month year after &c.. It does seem quite obvious though considering many times someone wants nothing less so much better: They already know truth isn’ t easily bought out using paper money! This site provides us proof through example(s); also look closely around yourself before calling lies everywhere because sometimes mistakes aren‘ need blame game played unless both sides agree cooperate together peacefully first step towards resolving issues rather fighting among themselves instead.” What role would my research play within society anyway besides giving me something useful occupy mind throughout day long days boring life without love laughs tears happiness joy passion excitement curiosity interest satisfaction contentment fulfillment loneliness boredom resentment anger frustration disappointment disillusion despair dejection depression despondency etceteras ad nauseam ditto plaintively endlessly repeatedly eternally interminably innumerabiliter ex infinitum iteratedly indefessamente continuously perpetually unceasing endlessy monotonously tediously rep",1,0,0.2646311886592385,0.33,long,RAID,False Negative,0.006830601,0.0027322404,0.027322404,0.0054644807,0.0054644807,0.0054644807
"""Ein Kirchengebäude aus dem 16. Jahrhundert, das von einem Stausee in Mexiko verschluckt wurde, ist nach mehr als 300 Jahren wieder aufgetaucht.

Die Kirche, die im Jahr 1585 erbaut wurde, wurde von einem Stausee in der Nähe von Puebla, einem Stadtstaat in Mexiko, verschluckt.

Die Kirche, die als ""Santa Maria de Tonantzintla"" bekannt ist, wurde von einem Erdbeben im Jahr 1773 verschluckt.

Die Kirche wurde von einem Stausee in der Nähe von Puebla, einem Stadtstaat in Mexiko, verschluckt.

Die Kirche, die im Jahr 1585 erbaut wurde, wurde von einem Erdbeben im Jahr 1773 verschluckt.

Die Kirche wurde von einem Stausee in der Nähe von Puebla, einem Stadtstaat in Mexiko, verschluckt.

Die Kirche, die im Jahr 1585 erbaut wurde, wurde von einem Erdbeben im Jahr 1773 verschluckt.

Die Kirche wurde von einem Stausee in der Nähe von Puebla, einem Stadtstaat in Mexiko, verschluckt.

Die Kirche, die im Jahr 1585 erbaut wurde, wurde von einem Erdbeben im Jahr 1773 verschluckt.

Die Kirche wurde von einem Stausee in der Nähe von Puebla, einem Stadtstaat in Mexiko, verschluckt.

Die Kirche, die im Jahr 1585 erbaut wurde, wurde von einem Erdbeben im Jahr 1773 verschluckt.

Die Kirche wurde von einem Stausee in der Nähe von Puebla, einem Stadtstaat in Mexiko, verschluckt.

Die Kirche, die im Jahr 1585 erbaut wurde",1,0,0.2539505954346238,0.33,long,RAID,False Negative,0.0,0.0,0.0,0.0,0.0,0.009345794
What do you think?,1,0,0.18386527124142735,0.42,very_short,SentenceAI,False Negative,0.0,0.0,0.25,0.25,0.0,0.0
No thanks.,1,0,0.23204496862943247,0.42,very_short,SentenceAI,False Negative,0.0,0.0,0.0,0.0,0.0,0.0
Summer Vacation vs.,1,0,0.3872749102367293,0.42,very_short,SentenceAI,False Negative,0.0,0.0,0.0,0.0,0.0,0.0
Our lives would be so boring and predictable.,1,0,0.16136906441790766,0.42,very_short,SentenceAI,False Negative,0.0,0.0,0.125,0.0,0.0,0.0
"Meat, its something we all love to eat.",1,0,0.0983094788104086,0.42,very_short,SentenceAI,False Negative,0.0,0.0,0.125,0.0,0.0,0.0
Take for example a student struggling in a science class.,1,0,0.2849201889382306,0.42,very_short,SentenceAI,False Negative,0.0,0.0,0.0,0.0,0.0,0.0
"Next up, let's look at the shape of the Face.",1,0,0.3778570512627676,0.42,very_short,SentenceAI,False Negative,0.0,0.1,0.0,0.0,0.0,0.0
"But now we have cars, buses, trains, and planes!",1,0,0.20730223948218743,0.42,very_short,SentenceAI,False Negative,0.0,0.0,0.11111111,0.0,0.11111111,0.0
One way is to walk or bike instead of driving.,1,0,0.4031961895579708,0.42,very_short,SentenceAI,False Negative,0.0,0.0,0.0,0.0,0.0,0.0
This gave me a better idea of which option would be better for me in the long run.,1,0,0.15603278711033033,0.55,short,SentenceAI,False Negative,0.1388889,0.0,0.11111111,0.0,0.0,0.0
"These methods of transportation are much more efficient than driving, and they are more environmentally friendly than driving.",1,0,0.35728817802176577,0.55,short,SentenceAI,False Negative,0.0,0.0,0.0,0.0,0.0,0.0
The residents have reported feeling happier and less stressed without owning a car.,1,0,0.3567346716033504,0.55,short,SentenceAI,False Negative,0.0,0.0,0.0,0.0,0.0,0.0
"This gives Wyoming more electoral votes per capita than California, even though California has far more people.",1,0,0.2445297870075791,0.55,short,SentenceAI,False Negative,0.0,0.0,0.0,0.0,0.0,0.0
"On the other hand, I know people who waited until later in life to choose their career and are now doing something they love.",1,0,0.5285643655484118,0.55,short,SentenceAI,False Negative,0.0,0.0,0.041666668,0.0,0.0,0.0
"But when you multiply or divide, you can do it way faster!",1,0,0.45056008284852267,0.55,short,SentenceAI,False Negative,0.0,0.0,0.16666667,0.0,0.083333336,0.0
Their idealism led to discoveries that changed the world and advanced human knowledge.,1,0,0.4080593916995461,0.55,short,SentenceAI,False Negative,0.0,0.0,0.0,0.0,0.0,0.0
"They should not take everything at face value, and they should always do their research before making a purchase.",1,0,0.034278379891917815,0.55,short,SentenceAI,False Negative,0.0,0.0,0.0,0.0,0.0,0.0
"Don't try to be someone you're not, because the interviewer will probably find out.",1,0,0.36083807274123797,0.55,short,SentenceAI,False Negative,0.0,0.14285715,0.071428575,0.0,0.0,0.0
Body Paragraph 3: The third reason why the Face is a natural landform is that it has been studied by scientists for many years.,1,0,0.1347170315079388,0.55,short,SentenceAI,False Negative,0.0,0.0,0.0,0.0,0.0,0.0
Another way the author supports the idea that studying Venus is a worthy pursuit is by discussing the technological challenges that must be overcome.,1,0,0.26684867403052787,0.55,short,SentenceAI,False Negative,0.0,0.0,0.0,0.0,0.0,0.0
"The brainpower used to converse or listen can still take the place of, and delay, reactions needed for safe vehicle operation.",1,0,0.1599685490073928,0.55,short,SentenceAI,False Negative,0.0,0.0,0.0,0.0,0.0,0.0
"Some of these advertisements are misleading, making the product seem much better than it really is.",1,0,0.24367715448215102,0.55,short,SentenceAI,False Negative,0.0,0.0,0.0,0.0,0.0,0.0
"This is because Wyoming has only three electoral votes, while California has 55.",1,0,0.2821731369505972,0.55,short,SentenceAI,False Negative,0.0,0.0,0.0,0.0,0.0,0.0
"By presenting a well-rounded argument, the author makes a strong case for the importance of exploring Venus.",1,0,0.3631615645412449,0.55,short,SentenceAI,False Negative,0.0,0.0,0.0,0.0,0.0,0.0
"Not only did the student misspell words during his presentation, but he was not able to recall important details from his past experiences.",1,0,0.45023968192611785,0.55,short,SentenceAI,False Negative,0.0,0.0,0.0,0.0,0.0,0.0
"This means that once they are used, they will remain in our environment for a very long time, causing harm to animals and humans alike.",1,0,0.3748796722034729,0.55,short,SentenceAI,False Negative,0.0,0.0,0.04,0.0,0.0,0.0
"[Introduction]
In the article ""The Challenge of Exploring Venus"", the author suggests that studying Venus is a worthy pursuit, despite the dangers that it presents.",1,0,0.22150869197832068,0.55,short,SentenceAI,False Negative,0.0,0.0,0.0,0.0,0.0,0.08
"In conclusion, I think that using the Facial Action Coding System in a classroom could be very useful if implemented correctly.",1,0,0.2164739193456348,0.55,short,SentenceAI,False Negative,0.0,0.0,0.04761905,0.0,0.0,0.0
My essay will be about a situation two years ago when I was a junior in high school.,1,0,0.33061387560730776,0.55,short,SentenceAI,False Negative,0.0,0.0,0.11111111,0.0,0.0,0.0
"So, I decided to do some research and talk to my counselor to see what's what.",1,0,0.13694177651332806,0.55,short,SentenceAI,False Negative,0.0,0.0625,0.125,0.0,0.0,0.0
"Not only would this help students become more engaged citizens, but it would also create an avenue of connection between students of different backgrounds.",1,0,0.4342272451139728,0.55,short,SentenceAI,False Negative,0.0,0.0,0.0,0.0,0.0,0.0
Crafts can also be rapidly placed into stable orbits to minimize exposure.,1,0,0.31676238523449907,0.55,short,SentenceAI,False Negative,0.0,0.0,0.0,0.0,0.0,0.0
"So, you know how we've been talking about extending the student release time at our school?",1,0,0.36310026891995234,0.55,short,SentenceAI,False Negative,0.0,0.0625,0.1875,0.0625,0.0,0.0
"Furthermore concerns arise around how much autonomy we give these machines - if given too much freedom then this raises questions about what would happen if a robot decides decide one course of action over another without consulting its users first which could result in dangerous consequences especially where safety is concerned (e.g., giving medication).",1,0,0.564712958369787,0.62,medium,SentenceAI,False Negative,0.0,0.0,0.018181818,0.0,0.0,0.0
"I don't know if I want to be a doctor or a professional gamer, you know?!"" And they're like, ""Well, you need to decide what you want to do with your life,"" and I'm like, ""But why can't I just figure it out later?!",1,0,0.5323916165682343,0.62,medium,SentenceAI,False Negative,0.0,0.09090909,0.18181819,0.045454547,0.045454547,0.045454547
These types of games put players in precarious situations where they must fight off hordes of monsters or otherwise survive deadly environments while trying to figure out mysteries within a story-driven plotline.,1,0,0.46767130849565586,0.62,medium,SentenceAI,False Negative,0.0,0.0,0.0,0.0,0.0,0.0
The Electoral College was created in 1787 as a compromise between those who wanted the president to be elected by Congress and those who wanted the president to be elected by a popular vote of the people.,1,0,0.25657716725089513,0.62,medium,SentenceAI,False Negative,0.0,0.0,0.0,0.0,0.0,0.0
"In Elisabeth Rosenthal's article ""The End of Car Culture,"" she highlights the decrease in car ownership, fewer miles driven, and a decline in the number of licenses being acquired in the United States.",1,0,0.5846023822810749,0.62,medium,SentenceAI,False Negative,0.0,0.0,0.0,0.0,0.0,0.030303031
