text,label,prediction,probability,applied_threshold,length_group,dataset,error_type,code_likelihood,contraction_density,pronoun_density,question_density,exclamation_density,capitalization_irregularity,transition
"As president, Reagan implemented sweeping new political and economic initiatives.",0,1,0.787947530976644,0.42,very_short,HC3,False Positive,0.0,0.0,0.0,0.0,0.0,0.0,persistent_FP
A flat tax is more hurtful to lower incomes,0,1,0.6231316609858071,0.42,very_short,HC3,False Positive,0.0,0.0,0.0,0.0,0.0,0.0,persistent_FP
"The George Washington University (GW, GWU, or George Washington) is a comprehensive private , coeducational research university located in Washington, D.C. .",0,1,0.5640331896263895,0.55,short,HC3,False Positive,0.0,0.0,0.0,0.0,0.0,0.0,persistent_FP
"Beaver Stadium is an outdoor college football stadium in University Park , Pennsylvania , United States , on the campus of The Pennsylvania State University .",0,1,0.5935892985586859,0.55,short,HC3,False Positive,0.0,0.0,0.0,0.0,0.0,0.0,persistent_FP
"The acronym originally stood for Supreme Headquarters, International Espionage, Law-Enforcement Division.",0,1,0.5597325187889994,0.55,short,HC3,False Positive,0.0,0.0,0.0,0.0,0.0,0.09090909,persistent_FP
"Armando Pérez (born January 15, 1981), better known by his stage name Pitbull, is an American rapper, songwriter, and record producer.",0,1,0.8493642013077195,0.55,short,HC3,False Positive,0.0,0.0,0.0,0.0,0.0,0.0,persistent_FP
Most jewish holidays are more cultural than they are biblical .,0,1,0.8441568014989796,0.55,short,HC3,False Positive,0.0,0.0,0.0,0.0,0.0,0.0,persistent_FP
"Signal processing is an electrical engineering subfield that focuses on analyzing, modifying and synthesizing signals, such as sound, images, and scientific measurements. Signal processing techniques are used to optimize transmissions, digital storage efficiency, correcting distorted signals, subjective video quality and to also detect or pinpoint components of interest in a measured signal.",0,1,0.9615832690130862,0.62,medium,HC3,False Positive,0.0,0.0,0.0,0.0,0.0,0.0,persistent_FP
Cut your own typically means that the land has to be maintained and kept up and the trees taken care of and they are fresh . Pre - Cut trees come from out of the area where costs are less and they are more focused on selling quantities and not quality . Plus they are older .,0,1,0.7194597283587427,0.62,medium,HC3,False Positive,0.0,0.0,0.01754386,0.0,0.0,0.0,persistent_FP
"No . We can do some pretty cool stuff with technology , and this will no doubt continue to improve in future . But ' real magic ' is not even a * tiny bit * possible according to what we know about science today .",0,1,0.6491215030918559,0.62,medium,HC3,False Positive,0.0,0.0,0.04347826,0.0,0.0,0.0,persistent_FP
"The Westphalian Treaty 1648 set up the principle that all states should be sovereign within their own right and allowed to set up a system to rule their own state . This system essentially set up for a long peace allowing for the national pride others have mentioned , thus locking us in a system of separate sovereign nations .",0,1,0.6366248114498716,0.62,medium,HC3,False Positive,0.0,0.0,0.016666668,0.0,0.0,0.0,persistent_FP
"Cortana is a virtual assistant developed by Microsoft that uses the Bing search engine to perform tasks such as setting reminders and answering questions for the user.
Cortana is currently available in English, Portuguese, French, German, Italian, Spanish, Chinese, and Japanese language editions, depending on the software platform and region in which it is used.
Microsoft began reducing the prevalence of Cortana and converting it from an assistant into different software integrations in 2019. It was split from the Windows 10 search bar in April 2019.[10] In January 2020, the Cortana mobile app was removed from certain markets,[11][12] and on March 31, 2021, the Cortana mobile app was shut down globally.[13]",0,1,0.8911237646815755,0.33,long,HC3,False Positive,0.0,0.0,0.0,0.0,0.0,0.0,persistent_FP
"The Twin Towers of the World Trade Center in New York City were destroyed on September 11, 2001. The North Tower (Tower 1) was completed in 1970, and the South Tower (Tower 2) was completed in 1971, so at the time of their destruction, the Twin Towers were 31 and 30 years old, respectively.",1,0,0.5543981518242,0.62,medium,HC3,False Negative,0.0,0.0,0.0,0.0,0.0,0.037037037,persistent_FN
"If a relative is ""first removed,"" that means they are one generation younger or older than your first cousin. For example, if you and your first cousin have the same grandparents, then your first cousin's children would be your first cousins once removed, because they are one generation younger than your first cousin. Does that make sense?",1,0,0.2979804977743759,0.62,medium,HC3,False Negative,0.0,0.0,0.10526316,0.01754386,0.0,0.0,persistent_FN
"There is no mini version of Google stock. Google is a publicly traded company, and its stock is listed on the NASDAQ stock exchange under the ticker symbol ""GOOGL."" If you are interested in buying or selling shares of Google stock, you will need to use the GOOGL ticker symbol.",1,0,0.4375814371768862,0.62,medium,HC3,False Negative,0.0,0.0,0.04,0.0,0.0,0.0,persistent_FN
"When you yawn, your body is trying to get more oxygen. To do this, your chest expands and your lungs fill up with air. The muscles around your eyes may also stretch and cause your eyes to water. This is a normal bodily response and is nothing to be worried about. It's just your body's way of trying to get more oxygen and keep you healthy. So if your eyes water when you yawn, it's not because you're crying, it's just a normal part of the yawning process.",1,0,0.21491659379130396,0.33,long,HC3,False Negative,0.0,0.045454547,0.125,0.0,0.0,0.0,persistent_FN
"def Diff(li1,li2):
    return (list(list(set(li1)-set(li2)) + list(set(li2)-set(li1))))",0,1,0.8595822988206786,0.42,very_short,RAID,False Positive,1.0,0.0,0.0,0.0,0.0,0.0,persistent_FP
"def max_sum_list(lists):
 return max(lists, key=sum)",0,1,0.7718187569366028,0.42,very_short,RAID,False Positive,1.0,0.0,0.0,0.0,0.0,0.0,persistent_FP
"def previous_palindrome(num):
    for x in range(num-1,0,-1):
        if str(x) == str(x)[::-1]:
            return x",0,1,0.7221518265149188,0.55,short,RAID,False Positive,1.0,0.0,0.0,0.0,0.0,0.0,persistent_FP
"def Odd_Length_Sum(arr):
    Sum = 0
    l = len(arr)
    for i in range(l):
        Sum += ((((i + 1) *(l - i) + 1) // 2) * arr[i])
    return Sum",0,1,0.5879480327656802,0.55,short,RAID,False Positive,0.9392857,0.0,0.14285715,0.0,0.0,0.035714287,persistent_FP
"def remove_empty(tuple1): #L = [(), (), ('',), ('a', 'b'), ('a', 'b', 'c'), ('d')]
   tuple1 = [t for t in tuple1 if t]
   return tuple1",0,1,0.6665927084248288,0.55,short,RAID,False Positive,1.0,0.0,0.0,0.0,0.0,0.0,persistent_FP
"def count_Digit(n):
    count = 0
    while n != 0:
        n //= 10
        count += 1
    return count",0,1,0.9070226191695814,0.55,short,RAID,False Positive,1.0,0.0,0.0,0.0,0.0,0.05882353,persistent_FP
"import re
def find_character(string):
  uppercase_characters = re.findall(r""[A-Z]"", string) 
  lowercase_characters = re.findall(r""[a-z]"", string) 
  numerical_characters = re.findall(r""[0-9]"", string) 
  special_characters = re.findall(r""[, .!?]"", string) 
  return uppercase_characters, lowercase_characters, numerical_characters, special_characters",0,1,0.7138272815693743,0.55,short,RAID,False Positive,1.0,0.0,0.0,0.03846154,0.03846154,0.03846154,persistent_FP
"def is_subset_sum(set, n, sum):
	if (sum == 0):
		return True
	if (n == 0):
		return False
	if (set[n - 1] > sum):
		return is_subset_sum(set, n - 1, sum)
	return is_subset_sum(set, n-1, sum) or is_subset_sum(set, n-1, sum-set[n-1])",0,1,0.6266412446743584,0.62,medium,RAID,False Positive,1.0,0.0,0.0,0.0,0.0,0.0,persistent_FP
"def decimal_To_Binary(N): 
    B_Number = 0
    cnt = 0
    while (N != 0): 
        rem = N % 2
        c = pow(10,cnt)  
        B_Number += rem*c  
        N //= 2 
        cnt += 1
    return B_Number",0,1,0.668022120895975,0.62,medium,RAID,False Positive,1.0,0.0,0.0,0.0,0.0,0.12903225,persistent_FP
"def check_triplet(A, n, sum, count):
    if count == 3 and sum == 0:
        return True
    if count == 3 or n == 0 or sum < 0:
        return False
    return check_triplet(A, n - 1, sum - A[n - 1], count + 1) or\
           check_triplet(A, n - 1, sum, count)",0,1,0.7881253191504557,0.62,medium,RAID,False Positive,0.96734697,0.0,0.0,0.0,0.0,0.06122449,persistent_FP
"Move to iOS im Play Store erhältlich, und wird prompt mit vernichtenden Kritiken bestraftZeit für die Fanfaren – eine echte Premiere steht an. Apple hat parallel zur Freigabe von iOS 9 seine allererste Android-App veröffentlicht. Auf sonderliche viel Gegenliebe scheint diese bei den Android-User bisher aber nicht zu stoßen – mit 1,8 von 5 maximalen Punkten ist die aktuelle Bewertung im Play Store gerade zu vernichtend.
Spurensuche
Das hat natürlich einen guten Grund: Handelt es sich dabei doch um eine App, die Android-Nutzern beim Umstieg auf ein iPhone oder iPad helfen soll. ""Move to iOS"" heißt die App, die verspricht SMS, Lesezeichen, Google-Konto, Fotos und mehr nahtlos auf die Apple-Plattform wandern zu lassen.
Ablauf
Um dies zu ermöglichen, baut die App eine WLAN-Verbindung zwischen den beiden Geräten auf, infolge muss nur mehr ein zehnstelliger Code bestätigt werden. Der iOS-Einrichtungsdialog hat dazu passend mit iOS 9 neben der Möglichkeit der Wiederherstellung eines iCloud-Backups auch die Android-Umstiegs-Option integriert.
Ausblick
Wer auf die erste richtige Apple-App für Android wartet, sollte allerdings auch nicht mehr all zu lange warten müssen. Immerhin hat der Softwarehersteller einen Android-Client für Apple Music versprochen. (red, 17.9.2015) Link
Move to iOS",0,1,0.4339213141137444,0.33,long,RAID,False Positive,0.0,0.0,0.0,0.0,0.0,0.104166664,persistent_FP
"Auftritt auf US-Spielemesse wird auf Pressekonferenz und Meetings beschränktEin halbes Jahr vor dem Start der bedeutendsten Spielemesse E3: Electronic Arts, einer der weltweit größten Games-Konzerne und Aussteller, zieht sich weitestgehend von der Messe zurück. Stattdessen startet man eine eigene Veranstaltung mit dem Namen ""EA Play"".
Die öffentliche Präsenz auf der Electronic Entertainment Expo in Los Angeles wird sich auf Meeting-Räume für Gespräche mit Partnern und Journalisten beschränken. Messestände, auf denen Games vorgeführt werden, wird es nicht geben.
Fan-Event
EA Play wiederum ist vom 12. bis zum 14. Juni angesetzt, kollidiert also mit der E3-Eröffnung und steigt ebenfalls in Los Angeles. Ausgewiesen ist der Event als ""Fanveranstaltung"", die Pressekonferenz von EA steigt am ersten Abend und wird live ins Internet gestreamt. Der gewählte Standort, Club Nokia, befindet sich in der uinmittelbaren Nachbarschaft des Convention Centers, wo die E3 beheimatet ist. Weitere Details zur neuen ""Hausmesse"" will EA erst noch bekannt geben.
foto: ea
Einen eintägigen Termin gibt es am 12. Juni außerdem in London. Interessenten können sich über die Homepage des Unternehmens registrieren.
Wähend EA Play öffentlich zugänglich ist, versteht sich die E3 als Fachmesse, die nur für Besucher aus der Branche, Handel und Presse geöffnet ist. Vergangenes Jahr erhielten aber auch erstmals Spielefans Zutritt, ihr Kartenkontingent war allerdings auf 5.000 Stück limitiert. Insgesamt verzeichnete die E3 2015 etwa 50.000 Besucher. (gpi, 5.2.2016) Links
E3
EA Play",0,1,0.4140332952945132,0.33,long,RAID,False Positive,0.0,0.0,0.0044247787,0.0,0.0,0.03539823,persistent_FP
"Der deutsche Rechnungsbetrug: Wie man seine Skandale vermeidet. Hier sind einige Tipps, die Ihnen helfen können, skandinavische Kriminalität zu verhindern und in zukünftigen Jahren vor diesem Problem zu schützen. Haben...",1,0,0.4404684180913189,0.55,short,RAID,False Negative,0.0,0.0,0.0,0.0,0.0,0.0,persistent_FN
"https://t.co/zEJ6hHd7eA pic.twitter.com/Ri2XbxQvT5 — Jens Koppenhöfer (@jkoppenhove) February 16, 2016

More from: Alternative für Deutschland (AfD), EURACTIV Germany",1,0,0.3364103630917693,0.55,short,RAID,False Negative,0.0,0.0,0.0,0.0,0.0,0.1764706,persistent_FN
"def diff_evod(n):
    # compute sum of even digits
    evens = sum(d for d in str(n) if d % 2 == 0)
    # compute sum of odd digits
    odds = sum(d for d in str(n) if d % 2 != 0)
    # return the difference
    return evens - odds",1,0,0.6066289403407857,0.62,medium,RAID,False Negative,0.94375,0.0,0.0,0.0,0.0,0.0,persistent_FN
"Mitte Oktober plant Präsident David Cameron, automobilhersteller in Großbritannien anzutreiben. Dafür wird er eine neue Konferenz zur Unterstützung der Automobilindustrie veranstalten und die Einschränkungen im Hinblick auf den CO2-Ausstoß fördern. Außenminister William Hague gehört zudem zu ihnen, welcher künftig ein Autoherstellungsprogramm einführen möchte, das es aus britischen Rohstoffen gemachte Fahrzeuge bewirbt.</p>",1,0,0.23337584769387054,0.62,medium,RAID,False Negative,0.0,0.0,0.0,0.0,0.0,0.019607844,persistent_FN
"Die Europäische Union, die Vereinten Nationen und andere Mächte haben sich darauf verständigt. Die USA wurden aber von ihrem Präsident nicht dazu aufgerufen – nachdem sie an der Bildung des Libyerumsatzsteuererklarungsaufragteil beteiligt sind; das heißt nämlich: Barack Obama ließe es eher als Führender eines Wirtschaftsverbandes vorlückern (""Libyan oil sales tax group starts up""). Dabei muss man wissen dass in Frankreich sowohl bei links wie auch rechts einer breiten Bereitschaft entgegenkommt den Irakern Helfer zu werden unter Sockennamen geltend machend - solange kein echter Gegner zum Angriff gewählt ist! Im Vorfeld eine Art Volksbewegtheit? Umso bess er schwebt wenn alle anderen noch gar keine Erfahrungen dieser Machtfrage kürzen ausgelöschen oder zur Unmündigkeit gelangschlägert wurde?! Und dies so län ge daß selber wiederum nur um möglichst zwarfehlende Zugestimmerei wird!!! Man könn jedoch ebenso leiter fraget ob jetzt etwa gleiche Länder belehrt worden weieren hätten aussagen können was ja berechtigen Grund hat!! Auch für einen Fall werde natürlisch überleg sein wo gerade diese Schutzpässe durchgeschickt erscheinen (Kräftebesprechinbiet) am bestimmsten notwendige nötig gebotene Kompetenz/Ü berzeugingen abliefern müssen wir unseres Übrigens kann ich da allerdings meine Meindeure behauptnen! Sehr gut habe mich hier gefunden. Ja Leben sei nun endlich viel frischer bis danach drunttuerkler herab stolpplung... Einfacher menschenkonzentrat find's doff.... Danke sehr fuer deiner Hilfsaermei ufo",1,0,0.2855219827247285,0.33,long,RAID,False Negative,0.0,0.0,0.0,0.009478673,0.037914693,0.014218009,persistent_FN
"> ElementaryOS 0.3.1 ist die erste Stable-Version des Linux-Betriebssystems, das sich auf die Bedürfnisse der Mac-Nutzer zugeschnitten hat. Es ist ein Ubuntu-basiertes Betriebssystem, das sich auf die Bedürfnisse der Mac-Nutzer zugeschnitten hat. Es ist ein Ubuntu-basiertes Betriebssystem, das sich auf die Bedürfnisse der Mac-Nutzer zugeschnitten hat. Es ist ein Ubuntu-basiertes Betriebssystem, das sich auf die Bedürfnisse der Mac-Nutzer zugeschnitten hat. Es ist ein Ubuntu-basiertes Betriebssystem, das sich auf die Bedürfnisse der Mac-Nutzer zugeschnitten hat. Es ist ein Ubuntu-basiertes Betriebssystem, das sich auf die Bedürfnisse der Mac-Nutzer zugeschnitten hat. Es ist ein Ubuntu-basiertes Betriebssystem, das sich auf die Bedürfnisse der Mac-Nutzer zugeschnitten hat. Es ist ein Ubuntu-basiertes Betriebssystem, das sich auf die Bedürfnisse der Mac-Nutzer zugeschnitten hat. Es ist ein Ubuntu-basiertes Betriebssystem, das sich auf die Bedürfnisse der Mac-Nutzer zugeschnitten hat. Es ist ein Ubuntu-basiertes Betriebssystem, das sich auf die Bedürfnisse der Mac-Nutzer zugeschnitten hat. Es ist ein Ubuntu-basiertes Betriebssystem, das sich auf die Bedürfnisse der Mac-Nutzer zugeschnitten hat. Es ist ein Ubuntu-basiertes Betriebssystem, das sich auf die Bedürfnisse der Mac-Nutzer zugeschnitten hat. Es ist ein Ubuntu-basiertes Betriebssystem, das sich auf die Bedürfnisse der Mac-Nutzer zugeschnitten",1,0,0.20832120701863532,0.33,long,RAID,False Negative,0.0,0.0,0.0,0.0,0.0,0.08648649,persistent_FN
"""Am selben Tag gab die NATO gegenwärtig darüber bekannt, dass bei einem Strafantrag auf einen is-Glaubensfanatiker zwei Insassen der international besetzten Hauptstadt getötet wurden. Ein westliches Militärstellenvertreter gestand spätestens am 29 November 2007 an diesem Vorfall Schuld."" Translation (""A suicide bomber killed ten people on Friday..."") ""... and that at the same time two residents of Afghanistan's capital city were shot dead by foreign troops during a search operation... A western military spokesman confessed responsibility no later than 23rd Nov., [2007]."" There are about 20 more articles but I believe these illustrate what was said above; as far back you can go there will always be mention or indication made for any wrongdoing from those considered to have such power/control over whatever might appear 'bad'. And it'll never change until we ourselves make certain changes (not very likely). But just how hard could this all really truly come? If our minds become closed off then everything else closes down too - if your eyes don't see bad coming into reality when given examples like found here why should they notice anything otherways occurring simultaneously elsewhere even while still reading only mainstream media outlets?! How do things ever improve since with each new case being reported comes another reason which leads them onto next topic soon enough regardless whether true story based events happen today again tomorrow month year after &c.. It does seem quite obvious though considering many times someone wants nothing less so much better: They already know truth isn’ t easily bought out using paper money! This site provides us proof through example(s); also look closely around yourself before calling lies everywhere because sometimes mistakes aren‘ need blame game played unless both sides agree cooperate together peacefully first step towards resolving issues rather fighting among themselves instead.” What role would my research play within society anyway besides giving me something useful occupy mind throughout day long days boring life without love laughs tears happiness joy passion excitement curiosity interest satisfaction contentment fulfillment loneliness boredom resentment anger frustration disappointment disillusion despair dejection depression despondency etceteras ad nauseam ditto plaintively endlessly repeatedly eternally interminably innumerabiliter ex infinitum iteratedly indefessamente continuously perpetually unceasing endlessy monotonously tediously rep",1,0,0.2646311886592385,0.33,long,RAID,False Negative,0.006830601,0.0027322404,0.027322404,0.0054644807,0.0054644807,0.0054644807,persistent_FN
"""Ein Kirchengebäude aus dem 16. Jahrhundert, das von einem Stausee in Mexiko verschluckt wurde, ist nach mehr als 300 Jahren wieder aufgetaucht.

Die Kirche, die im Jahr 1585 erbaut wurde, wurde von einem Stausee in der Nähe von Puebla, einem Stadtstaat in Mexiko, verschluckt.

Die Kirche, die als ""Santa Maria de Tonantzintla"" bekannt ist, wurde von einem Erdbeben im Jahr 1773 verschluckt.

Die Kirche wurde von einem Stausee in der Nähe von Puebla, einem Stadtstaat in Mexiko, verschluckt.

Die Kirche, die im Jahr 1585 erbaut wurde, wurde von einem Erdbeben im Jahr 1773 verschluckt.

Die Kirche wurde von einem Stausee in der Nähe von Puebla, einem Stadtstaat in Mexiko, verschluckt.

Die Kirche, die im Jahr 1585 erbaut wurde, wurde von einem Erdbeben im Jahr 1773 verschluckt.

Die Kirche wurde von einem Stausee in der Nähe von Puebla, einem Stadtstaat in Mexiko, verschluckt.

Die Kirche, die im Jahr 1585 erbaut wurde, wurde von einem Erdbeben im Jahr 1773 verschluckt.

Die Kirche wurde von einem Stausee in der Nähe von Puebla, einem Stadtstaat in Mexiko, verschluckt.

Die Kirche, die im Jahr 1585 erbaut wurde, wurde von einem Erdbeben im Jahr 1773 verschluckt.

Die Kirche wurde von einem Stausee in der Nähe von Puebla, einem Stadtstaat in Mexiko, verschluckt.

Die Kirche, die im Jahr 1585 erbaut wurde",1,0,0.2539505954346238,0.33,long,RAID,False Negative,0.0,0.0,0.0,0.0,0.0,0.009345794,persistent_FN
Not take away activities.,0,1,0.4695973219563425,0.42,very_short,SentenceAI,False Positive,0.0,0.0,0.0,0.0,0.0,0.0,persistent_FP
"As well, creativity stems from a sense of individuality.",0,1,0.8904642858332759,0.42,very_short,SentenceAI,False Positive,0.0,0.0,0.0,0.0,0.0,0.0,persistent_FP
So thank you in advance.,0,1,0.5553909101656079,0.42,very_short,SentenceAI,False Positive,0.0,0.0,0.2,0.0,0.0,0.0,persistent_FP
Due to increasing crime rates caused by the U.S. economy.,0,1,0.49503633395438795,0.42,very_short,SentenceAI,False Positive,0.0,0.0,0.0,0.0,0.0,0.0,persistent_FP
"It's outdated,unfair,and irrational.",0,1,0.8872321986071474,0.42,very_short,SentenceAI,False Positive,0.0,0.33333334,0.0,0.0,0.0,0.0,persistent_FP
"We can go to Europe,Greece,and even Antartica!",0,1,0.47361506464806385,0.42,very_short,SentenceAI,False Positive,0.0,0.0,0.14285715,0.0,0.14285715,0.14285715,persistent_FP
There are many tasks you could give out each week.,0,1,0.44067363698378187,0.42,very_short,SentenceAI,False Positive,0.0,0.0,0.1,0.0,0.0,0.0,persistent_FP
stewartlawoffices.,0,1,0.5420489526806512,0.42,very_short,SentenceAI,False Positive,0.0,0.0,0.0,0.0,0.0,0.0,persistent_FP
Learning requires focus.,0,1,0.5576440502002931,0.42,very_short,SentenceAI,False Positive,0.0,0.0,0.0,0.0,0.0,0.0,persistent_FP
Time management is essential for a successful live.,0,1,0.8981907253368161,0.42,very_short,SentenceAI,False Positive,0.0,0.0,0.0,0.0,0.0,0.0,persistent_FP
I don't like math.,0,1,0.8826759851289032,0.42,very_short,SentenceAI,False Positive,0.0,0.25,0.25,0.0,0.0,0.0,persistent_FP
there are many activities.,0,1,0.7403353274912161,0.42,very_short,SentenceAI,False Positive,0.0,0.0,0.0,0.0,0.0,0.0,persistent_FP
Why can't we?,0,1,0.9624182203714678,0.42,very_short,SentenceAI,False Positive,0.0,0.33333334,0.33333334,0.33333334,0.0,0.0,persistent_FP
Albert Einstein was a dropout and failed 3 grades.,0,1,0.7733372467691998,0.42,very_short,SentenceAI,False Positive,0.0,0.0,0.0,0.0,0.0,0.0,persistent_FP
"Since I was thinking harder, I began to work harder.",0,1,0.6643737855568538,0.42,very_short,SentenceAI,False Positive,0.0,0.0,0.2,0.0,0.0,0.0,persistent_FP
"Limiting car usage has several very influential advantages, such as increasing mental health, reducing air pollution, and eliminating problems associated with traffic.",0,1,0.9708490095476662,0.55,short,SentenceAI,False Positive,0.0,0.0,0.0,0.0,0.0,0.0,persistent_FP
Self-confidence is really important for people to feel good about their own selves.,0,1,0.9776282911771579,0.55,short,SentenceAI,False Positive,0.0,0.0,0.0,0.0,0.0,0.0,persistent_FP
"In the popular vote system, the head of state and or government is elected by the majority of the nation.",0,1,0.6256593869843714,0.55,short,SentenceAI,False Positive,0.0,0.0,0.0,0.0,0.0,0.0,persistent_FP
"In conclusion, student designed projects have many benefits that can help them succeed in life and improve oneself.",0,1,0.8085839536510064,0.55,short,SentenceAI,False Positive,0.0,0.0,0.0,0.0,0.0,0.0,persistent_FP
"For example, when I use to play baseball, I could not hit the ball as far as my friends did.",0,1,0.6255701125190618,0.55,short,SentenceAI,False Positive,0.0,0.0,0.15,0.0,0.0,0.0,persistent_FP
"Another issue is that sometimes in a close election, the popular vote winner could lose the presidency.",0,1,0.7525629283374063,0.55,short,SentenceAI,False Positive,0.0,0.0,0.0,0.0,0.0,0.0,persistent_FP
"The decrease in car commuting may find reason in the recession, and it may become a new habit.",0,1,0.7865529009272166,0.55,short,SentenceAI,False Positive,0.0,0.0,0.0,0.0,0.0,0.0,persistent_FP
"For example, a cook is trying to do new dishes from differents cultures.",0,1,0.5588147855539722,0.55,short,SentenceAI,False Positive,0.0,0.0,0.0,0.0,0.0,0.0,persistent_FP
But that tradition stopped when he got too old to play and I started to have more frequent basketball practice and training.,0,1,0.5877636776429845,0.55,short,SentenceAI,False Positive,0.0,0.0,0.045454547,0.0,0.0,0.0,persistent_FP
"And while it is near voting times, I believed it's best for me to send you my side on this continuous debate to change your mind on the matter.",0,1,0.707888969441258,0.55,short,SentenceAI,False Positive,0.0,0.03448276,0.1724138,0.0,0.0,0.0,persistent_FP
"In addition, another problem that arises due to the Electoral College is that people may feel disencouraged to vote.",0,1,0.8124356263248227,0.55,short,SentenceAI,False Positive,0.0,0.0,0.0,0.0,0.0,0.0,persistent_FP
"Pollution, Economy, and people's health are all a factor to limiting car usuage.",0,1,0.5543168413077348,0.55,short,SentenceAI,False Positive,0.0,0.0,0.0,0.0,0.0,0.0,persistent_FP
Students must feel as though they are in a calming environment in order to work efficiently.,0,1,0.6732977206312053,0.55,short,SentenceAI,False Positive,0.0,0.0,0.0,0.0,0.0,0.0,persistent_FP
"Also, if the student maintains a C or lower average, and they're in a tutoring session, I don't think it's fair that they're not allowed to participate in gym or other activities.",0,1,0.8591546072357381,0.62,medium,SentenceAI,False Positive,0.0,0.125,0.03125,0.0,0.0,0.0,persistent_FP
"""It's a good oppurtunity to take away stress and lower air pollution"" said a business man with the name of Carlos Arturo Plaza, as time has gone on other cities including Cali and Valleduar have participated in the event.",0,1,0.6925143088734055,0.62,medium,SentenceAI,False Positive,0.0,0.025641026,0.0,0.0,0.0,0.025641026,persistent_FP
What do you think?,1,0,0.18386527124142735,0.42,very_short,SentenceAI,False Negative,0.0,0.0,0.25,0.25,0.0,0.0,persistent_FN
No thanks.,1,0,0.23204496862943247,0.42,very_short,SentenceAI,False Negative,0.0,0.0,0.0,0.0,0.0,0.0,persistent_FN
Our lives would be so boring and predictable.,1,0,0.16136906441790766,0.42,very_short,SentenceAI,False Negative,0.0,0.0,0.125,0.0,0.0,0.0,persistent_FN
"Meat, its something we all love to eat.",1,0,0.0983094788104086,0.42,very_short,SentenceAI,False Negative,0.0,0.0,0.125,0.0,0.0,0.0,persistent_FN
Take for example a student struggling in a science class.,1,0,0.2849201889382306,0.42,very_short,SentenceAI,False Negative,0.0,0.0,0.0,0.0,0.0,0.0,persistent_FN
"Next up, let's look at the shape of the Face.",1,0,0.3778570512627676,0.42,very_short,SentenceAI,False Negative,0.0,0.1,0.0,0.0,0.0,0.0,persistent_FN
"But now we have cars, buses, trains, and planes!",1,0,0.20730223948218743,0.42,very_short,SentenceAI,False Negative,0.0,0.0,0.11111111,0.0,0.11111111,0.0,persistent_FN
This gave me a better idea of which option would be better for me in the long run.,1,0,0.15603278711033033,0.55,short,SentenceAI,False Negative,0.1388889,0.0,0.11111111,0.0,0.0,0.0,persistent_FN
"These methods of transportation are much more efficient than driving, and they are more environmentally friendly than driving.",1,0,0.35728817802176577,0.55,short,SentenceAI,False Negative,0.0,0.0,0.0,0.0,0.0,0.0,persistent_FN
The residents have reported feeling happier and less stressed without owning a car.,1,0,0.3567346716033504,0.55,short,SentenceAI,False Negative,0.0,0.0,0.0,0.0,0.0,0.0,persistent_FN
"This gives Wyoming more electoral votes per capita than California, even though California has far more people.",1,0,0.2445297870075791,0.55,short,SentenceAI,False Negative,0.0,0.0,0.0,0.0,0.0,0.0,persistent_FN
Their idealism led to discoveries that changed the world and advanced human knowledge.,1,0,0.4080593916995461,0.55,short,SentenceAI,False Negative,0.0,0.0,0.0,0.0,0.0,0.0,persistent_FN
"They should not take everything at face value, and they should always do their research before making a purchase.",1,0,0.034278379891917815,0.55,short,SentenceAI,False Negative,0.0,0.0,0.0,0.0,0.0,0.0,persistent_FN
"Don't try to be someone you're not, because the interviewer will probably find out.",1,0,0.36083807274123797,0.55,short,SentenceAI,False Negative,0.0,0.14285715,0.071428575,0.0,0.0,0.0,persistent_FN
Body Paragraph 3: The third reason why the Face is a natural landform is that it has been studied by scientists for many years.,1,0,0.1347170315079388,0.55,short,SentenceAI,False Negative,0.0,0.0,0.0,0.0,0.0,0.0,persistent_FN
Another way the author supports the idea that studying Venus is a worthy pursuit is by discussing the technological challenges that must be overcome.,1,0,0.26684867403052787,0.55,short,SentenceAI,False Negative,0.0,0.0,0.0,0.0,0.0,0.0,persistent_FN
"The brainpower used to converse or listen can still take the place of, and delay, reactions needed for safe vehicle operation.",1,0,0.1599685490073928,0.55,short,SentenceAI,False Negative,0.0,0.0,0.0,0.0,0.0,0.0,persistent_FN
"Some of these advertisements are misleading, making the product seem much better than it really is.",1,0,0.24367715448215102,0.55,short,SentenceAI,False Negative,0.0,0.0,0.0,0.0,0.0,0.0,persistent_FN
"This is because Wyoming has only three electoral votes, while California has 55.",1,0,0.2821731369505972,0.55,short,SentenceAI,False Negative,0.0,0.0,0.0,0.0,0.0,0.0,persistent_FN
"By presenting a well-rounded argument, the author makes a strong case for the importance of exploring Venus.",1,0,0.3631615645412449,0.55,short,SentenceAI,False Negative,0.0,0.0,0.0,0.0,0.0,0.0,persistent_FN
"Not only did the student misspell words during his presentation, but he was not able to recall important details from his past experiences.",1,0,0.45023968192611785,0.55,short,SentenceAI,False Negative,0.0,0.0,0.0,0.0,0.0,0.0,persistent_FN
"This means that once they are used, they will remain in our environment for a very long time, causing harm to animals and humans alike.",1,0,0.3748796722034729,0.55,short,SentenceAI,False Negative,0.0,0.0,0.04,0.0,0.0,0.0,persistent_FN
"[Introduction]
In the article ""The Challenge of Exploring Venus"", the author suggests that studying Venus is a worthy pursuit, despite the dangers that it presents.",1,0,0.22150869197832068,0.55,short,SentenceAI,False Negative,0.0,0.0,0.0,0.0,0.0,0.08,persistent_FN
"In conclusion, I think that using the Facial Action Coding System in a classroom could be very useful if implemented correctly.",1,0,0.2164739193456348,0.55,short,SentenceAI,False Negative,0.0,0.0,0.04761905,0.0,0.0,0.0,persistent_FN
My essay will be about a situation two years ago when I was a junior in high school.,1,0,0.33061387560730776,0.55,short,SentenceAI,False Negative,0.0,0.0,0.11111111,0.0,0.0,0.0,persistent_FN
"So, I decided to do some research and talk to my counselor to see what's what.",1,0,0.13694177651332806,0.55,short,SentenceAI,False Negative,0.0,0.0625,0.125,0.0,0.0,0.0,persistent_FN
"Not only would this help students become more engaged citizens, but it would also create an avenue of connection between students of different backgrounds.",1,0,0.4342272451139728,0.55,short,SentenceAI,False Negative,0.0,0.0,0.0,0.0,0.0,0.0,persistent_FN
Crafts can also be rapidly placed into stable orbits to minimize exposure.,1,0,0.31676238523449907,0.55,short,SentenceAI,False Negative,0.0,0.0,0.0,0.0,0.0,0.0,persistent_FN
"So, you know how we've been talking about extending the student release time at our school?",1,0,0.36310026891995234,0.55,short,SentenceAI,False Negative,0.0,0.0625,0.1875,0.0625,0.0,0.0,persistent_FN
"Furthermore concerns arise around how much autonomy we give these machines - if given too much freedom then this raises questions about what would happen if a robot decides decide one course of action over another without consulting its users first which could result in dangerous consequences especially where safety is concerned (e.g., giving medication).",1,0,0.564712958369787,0.62,medium,SentenceAI,False Negative,0.0,0.0,0.018181818,0.0,0.0,0.0,persistent_FN
"I don't know if I want to be a doctor or a professional gamer, you know?!"" And they're like, ""Well, you need to decide what you want to do with your life,"" and I'm like, ""But why can't I just figure it out later?!",1,0,0.5323916165682343,0.62,medium,SentenceAI,False Negative,0.0,0.09090909,0.18181819,0.045454547,0.045454547,0.045454547,persistent_FN
These types of games put players in precarious situations where they must fight off hordes of monsters or otherwise survive deadly environments while trying to figure out mysteries within a story-driven plotline.,1,0,0.46767130849565586,0.62,medium,SentenceAI,False Negative,0.0,0.0,0.0,0.0,0.0,0.0,persistent_FN
The Electoral College was created in 1787 as a compromise between those who wanted the president to be elected by Congress and those who wanted the president to be elected by a popular vote of the people.,1,0,0.25657716725089513,0.62,medium,SentenceAI,False Negative,0.0,0.0,0.0,0.0,0.0,0.0,persistent_FN
