length_group,threshold,accuracy,precision,recall,f1,support,FP,FN
very_short,0.2,0.7854,0.7143,0.8911,0.793,219,36,11
very_short,0.21,0.7945,0.7258,0.8911,0.8,219,34,11
very_short,0.22,0.7945,0.7295,0.8812,0.7982,219,33,12
very_short,0.23,0.8128,0.7586,0.8713,0.8111,219,28,13
very_short,0.24,0.8174,0.7652,0.8713,0.8148,219,27,13
very_short,0.25,0.8174,0.7652,0.8713,0.8148,219,27,13
very_short,0.26,0.8174,0.7699,0.8614,0.8131,219,26,14
very_short,0.27,0.8219,0.7768,0.8614,0.8169,219,25,14
very_short,0.28,0.8219,0.7768,0.8614,0.8169,219,25,14
very_short,0.29,0.8265,0.7838,0.8614,0.8208,219,24,14
very_short,0.3,0.8265,0.7838,0.8614,0.8208,219,24,14
very_short,0.31,0.8219,0.7818,0.8515,0.8152,219,24,15
very_short,0.32,0.8174,0.7798,0.8416,0.8095,219,24,16
very_short,0.33,0.8219,0.787,0.8416,0.8134,219,23,16
very_short,0.34,0.8219,0.7925,0.8317,0.8116,219,22,17
very_short,0.35,0.8311,0.8077,0.8317,0.8195,219,20,17
very_short,0.36,0.8265,0.8058,0.8218,0.8137,219,20,18
very_short,0.37,0.8311,0.8137,0.8218,0.8177,219,19,18
very_short,0.38,0.8402,0.83,0.8218,0.8259,219,17,18
very_short,0.39,0.8402,0.83,0.8218,0.8259,219,17,18
very_short,0.4,0.8402,0.8367,0.8119,0.8241,219,16,19
very_short,0.41,0.8356,0.8351,0.802,0.8182,219,16,20
very_short,0.42,0.8311,0.8333,0.7921,0.8122,219,16,21
very_short,0.43,0.8356,0.8421,0.7921,0.8163,219,15,21
very_short,0.44,0.8311,0.8404,0.7822,0.8103,219,15,22
very_short,0.45,0.8311,0.8404,0.7822,0.8103,219,15,22
very_short,0.46,0.8356,0.8495,0.7822,0.8144,219,14,22
very_short,0.47,0.8402,0.8587,0.7822,0.8187,219,13,22
very_short,0.48,0.8402,0.8587,0.7822,0.8187,219,13,22
very_short,0.49,0.8447,0.8681,0.7822,0.8229,219,12,22
very_short,0.5,0.8447,0.8681,0.7822,0.8229,219,12,22
very_short,0.51,0.8447,0.8681,0.7822,0.8229,219,12,22
very_short,0.52,0.8447,0.8681,0.7822,0.8229,219,12,22
very_short,0.53,0.8402,0.875,0.7624,0.8148,219,11,24
very_short,0.54,0.8356,0.8736,0.7525,0.8085,219,11,25
very_short,0.55,0.8356,0.8736,0.7525,0.8085,219,11,25
very_short,0.56,0.8402,0.8837,0.7525,0.8128,219,10,25
very_short,0.57,0.8311,0.881,0.7327,0.8,219,10,27
very_short,0.58,0.8311,0.881,0.7327,0.8,219,10,27
very_short,0.59,0.8356,0.8916,0.7327,0.8043,219,9,27
very_short,0.6,0.8356,0.8916,0.7327,0.8043,219,9,27
very_short,0.61,0.8311,0.8902,0.7228,0.7978,219,9,28
very_short,0.62,0.8265,0.8889,0.7129,0.7912,219,9,29
very_short,0.63,0.8311,0.9,0.7129,0.7956,219,8,29
very_short,0.64,0.8311,0.9,0.7129,0.7956,219,8,29
very_short,0.65,0.8174,0.8961,0.6832,0.7753,219,8,32
very_short,0.66,0.8174,0.8961,0.6832,0.7753,219,8,32
very_short,0.67,0.8174,0.8961,0.6832,0.7753,219,8,32
very_short,0.68,0.8174,0.8961,0.6832,0.7753,219,8,32
very_short,0.69,0.8037,0.8919,0.6535,0.7543,219,8,35
very_short,0.7,0.7991,0.8904,0.6436,0.7471,219,8,36
very_short,0.71,0.7991,0.8904,0.6436,0.7471,219,8,36
very_short,0.72,0.7991,0.9014,0.6337,0.7442,219,7,37
very_short,0.73,0.79,0.8986,0.6139,0.7294,219,7,39
very_short,0.74,0.7808,0.8955,0.5941,0.7143,219,7,41
very_short,0.75,0.7808,0.9077,0.5842,0.7108,219,6,42
very_short,0.76,0.7763,0.9062,0.5743,0.703,219,6,43
very_short,0.77,0.7717,0.9048,0.5644,0.6951,219,6,44
very_short,0.78,0.7671,0.9032,0.5545,0.6871,219,6,45
very_short,0.79,0.7671,0.9032,0.5545,0.6871,219,6,45
very_short,0.8,0.7626,0.9153,0.5347,0.675,219,5,47
very_short,0.81,0.7626,0.9153,0.5347,0.675,219,5,47
short,0.2,0.8299,0.7459,0.9733,0.8445,394,62,5
short,0.21,0.8299,0.75,0.9626,0.8431,394,60,7
short,0.22,0.8274,0.7511,0.9519,0.8396,394,59,9
short,0.23,0.8274,0.7511,0.9519,0.8396,394,59,9
short,0.24,0.8274,0.7511,0.9519,0.8396,394,59,9
short,0.25,0.8299,0.7542,0.9519,0.8416,394,58,9
short,0.26,0.8401,0.7672,0.9519,0.8496,394,54,9
short,0.27,0.8401,0.7696,0.9465,0.8489,394,53,10
short,0.28,0.8401,0.7719,0.9412,0.8482,394,52,11
short,0.29,0.8452,0.7788,0.9412,0.8523,394,50,11
short,0.3,0.8477,0.7822,0.9412,0.8544,394,49,11
short,0.31,0.8503,0.7857,0.9412,0.8564,394,48,11
short,0.32,0.8452,0.7838,0.9305,0.8509,394,48,13
short,0.33,0.8452,0.7838,0.9305,0.8509,394,48,13
short,0.34,0.8477,0.79,0.9251,0.8522,394,46,14
short,0.35,0.8503,0.7936,0.9251,0.8543,394,45,14
short,0.36,0.8553,0.8009,0.9251,0.8586,394,43,14
short,0.37,0.8629,0.8122,0.9251,0.865,394,40,14
short,0.38,0.8604,0.8113,0.9198,0.8622,394,40,15
short,0.39,0.8629,0.8152,0.9198,0.8643,394,39,15
short,0.4,0.8629,0.8182,0.9144,0.8636,394,38,16
short,0.41,0.868,0.8261,0.9144,0.868,394,36,16
short,0.42,0.868,0.8293,0.9091,0.8673,394,35,17
short,0.43,0.8756,0.8416,0.9091,0.874,394,32,17
short,0.44,0.8756,0.8416,0.9091,0.874,394,32,17
short,0.45,0.8731,0.8408,0.9037,0.8711,394,32,18
short,0.46,0.8782,0.8492,0.9037,0.8756,394,30,18
short,0.47,0.8782,0.8528,0.8984,0.875,394,29,19
short,0.48,0.8807,0.8571,0.8984,0.8773,394,28,19
short,0.49,0.8807,0.8571,0.8984,0.8773,394,28,19
short,0.5,0.8807,0.8571,0.8984,0.8773,394,28,19
short,0.51,0.8782,0.8601,0.8877,0.8737,394,27,21
short,0.52,0.8782,0.8639,0.8824,0.873,394,26,22
short,0.53,0.8782,0.8639,0.8824,0.873,394,26,22
short,0.54,0.8756,0.867,0.8717,0.8693,394,25,24
short,0.55,0.8756,0.875,0.861,0.8679,394,23,26
short,0.56,0.8782,0.884,0.8556,0.8696,394,21,27
short,0.57,0.8782,0.884,0.8556,0.8696,394,21,27
short,0.58,0.8832,0.8939,0.8556,0.8743,394,19,27
short,0.59,0.8832,0.8983,0.8503,0.8736,394,18,28
short,0.6,0.8858,0.9034,0.8503,0.876,394,17,28
short,0.61,0.8858,0.9034,0.8503,0.876,394,17,28
short,0.62,0.8858,0.9034,0.8503,0.876,394,17,28
short,0.63,0.8832,0.9029,0.8449,0.8729,394,17,29
short,0.64,0.8832,0.9029,0.8449,0.8729,394,17,29
short,0.65,0.8807,0.9023,0.8396,0.8698,394,17,30
short,0.66,0.8807,0.907,0.8342,0.8691,394,16,31
short,0.67,0.8858,0.9176,0.8342,0.8739,394,14,31
short,0.68,0.8858,0.9176,0.8342,0.8739,394,14,31
short,0.69,0.8782,0.9162,0.8182,0.8644,394,14,34
short,0.7,0.8706,0.9146,0.8021,0.8547,394,14,37
short,0.71,0.868,0.9141,0.7968,0.8514,394,14,38
short,0.72,0.868,0.9141,0.7968,0.8514,394,14,38
short,0.73,0.868,0.9193,0.7914,0.8506,394,13,39
short,0.74,0.8655,0.9187,0.7861,0.8473,394,13,40
short,0.75,0.8579,0.9172,0.7701,0.8372,394,13,43
short,0.76,0.8503,0.9156,0.754,0.827,394,13,46
short,0.77,0.8401,0.9133,0.7326,0.8131,394,13,50
short,0.78,0.8426,0.9195,0.7326,0.8155,394,12,50
short,0.79,0.8401,0.9247,0.7219,0.8108,394,11,52
short,0.8,0.8299,0.9286,0.6952,0.7951,394,10,57
short,0.81,0.8249,0.9275,0.6845,0.7877,394,10,59
medium,0.2,0.8333,0.7744,0.9626,0.8583,204,30,4
medium,0.21,0.8382,0.7803,0.9626,0.8619,204,29,4
medium,0.22,0.8431,0.7863,0.9626,0.8655,204,28,4
medium,0.23,0.8431,0.7863,0.9626,0.8655,204,28,4
medium,0.24,0.848,0.7923,0.9626,0.8692,204,27,4
medium,0.25,0.8529,0.7984,0.9626,0.8729,204,26,4
medium,0.26,0.8529,0.7984,0.9626,0.8729,204,26,4
medium,0.27,0.8578,0.8047,0.9626,0.8766,204,25,4
medium,0.28,0.8578,0.8047,0.9626,0.8766,204,25,4
medium,0.29,0.8578,0.8047,0.9626,0.8766,204,25,4
medium,0.3,0.8676,0.8175,0.9626,0.8841,204,23,4
medium,0.31,0.8775,0.8306,0.9626,0.8918,204,21,4
medium,0.32,0.8824,0.8374,0.9626,0.8957,204,20,4
medium,0.33,0.8873,0.8443,0.9626,0.8996,204,19,4
medium,0.34,0.8922,0.8571,0.9533,0.9027,204,17,5
medium,0.35,0.8971,0.8644,0.9533,0.9067,204,16,5
medium,0.36,0.8971,0.8644,0.9533,0.9067,204,16,5
medium,0.37,0.8971,0.8644,0.9533,0.9067,204,16,5
medium,0.38,0.8971,0.8644,0.9533,0.9067,204,16,5
medium,0.39,0.8971,0.8644,0.9533,0.9067,204,16,5
medium,0.4,0.8971,0.8644,0.9533,0.9067,204,16,5
medium,0.41,0.902,0.8718,0.9533,0.9107,204,15,5
medium,0.42,0.902,0.8718,0.9533,0.9107,204,15,5
medium,0.43,0.9118,0.887,0.9533,0.9189,204,13,5
medium,0.44,0.9118,0.887,0.9533,0.9189,204,13,5
medium,0.45,0.9118,0.887,0.9533,0.9189,204,13,5
medium,0.46,0.9167,0.8947,0.9533,0.9231,204,12,5
medium,0.47,0.9167,0.8947,0.9533,0.9231,204,12,5
medium,0.48,0.9216,0.9027,0.9533,0.9273,204,11,5
medium,0.49,0.9216,0.9027,0.9533,0.9273,204,11,5
medium,0.5,0.9314,0.9189,0.9533,0.9358,204,9,5
medium,0.51,0.9314,0.9189,0.9533,0.9358,204,9,5
medium,0.52,0.9314,0.9189,0.9533,0.9358,204,9,5
medium,0.53,0.9314,0.9189,0.9533,0.9358,204,9,5
medium,0.54,0.9265,0.9182,0.9439,0.9309,204,9,6
medium,0.55,0.9265,0.9182,0.9439,0.9309,204,9,6
medium,0.56,0.9265,0.9182,0.9439,0.9309,204,9,6
medium,0.57,0.9265,0.9182,0.9439,0.9309,204,9,6
medium,0.58,0.9265,0.9259,0.9346,0.9302,204,8,7
medium,0.59,0.9265,0.934,0.9252,0.9296,204,7,8
medium,0.6,0.9265,0.934,0.9252,0.9296,204,7,8
medium,0.61,0.9314,0.9515,0.9159,0.9333,204,5,9
medium,0.62,0.9363,0.9608,0.9159,0.9378,204,4,9
medium,0.63,0.9412,0.9703,0.9159,0.9423,204,3,9
medium,0.64,0.9461,0.98,0.9159,0.9469,204,2,9
medium,0.65,0.9412,0.9798,0.9065,0.9417,204,2,10
medium,0.66,0.9363,0.9796,0.8972,0.9366,204,2,11
medium,0.67,0.9265,0.9792,0.8785,0.9261,204,2,13
medium,0.68,0.9265,0.9792,0.8785,0.9261,204,2,13
medium,0.69,0.9265,0.9792,0.8785,0.9261,204,2,13
medium,0.7,0.9216,0.9789,0.8692,0.9208,204,2,14
medium,0.71,0.9265,0.9894,0.8692,0.9254,204,1,14
medium,0.72,0.9216,0.9892,0.8598,0.92,204,1,15
medium,0.73,0.9167,0.9891,0.8505,0.9146,204,1,16
medium,0.74,0.9118,0.989,0.8411,0.9091,204,1,17
medium,0.75,0.9118,0.989,0.8411,0.9091,204,1,17
medium,0.76,0.9069,0.9889,0.8318,0.9036,204,1,18
medium,0.77,0.9069,0.9889,0.8318,0.9036,204,1,18
medium,0.78,0.9069,0.9889,0.8318,0.9036,204,1,18
medium,0.79,0.9069,0.9889,0.8318,0.9036,204,1,18
medium,0.8,0.9069,0.9889,0.8318,0.9036,204,1,18
medium,0.81,0.8922,0.9885,0.8037,0.8866,204,1,21
long,0.2,0.8556,0.7857,0.9778,0.8713,90,12,1
long,0.21,0.8667,0.8,0.9778,0.88,90,11,1
long,0.22,0.8667,0.8,0.9778,0.88,90,11,1
long,0.23,0.8667,0.8,0.9778,0.88,90,11,1
long,0.24,0.8667,0.8,0.9778,0.88,90,11,1
long,0.25,0.8667,0.8,0.9778,0.88,90,11,1
long,0.26,0.8667,0.8,0.9778,0.88,90,11,1
long,0.27,0.8778,0.8148,0.9778,0.8889,90,10,1
long,0.28,0.8778,0.8148,0.9778,0.8889,90,10,1
long,0.29,0.8889,0.8302,0.9778,0.898,90,9,1
long,0.3,0.8889,0.8302,0.9778,0.898,90,9,1
long,0.31,0.8889,0.8302,0.9778,0.898,90,9,1
long,0.32,0.8889,0.8302,0.9778,0.898,90,9,1
long,0.33,0.9,0.8462,0.9778,0.9072,90,8,1
long,0.34,0.9,0.8462,0.9778,0.9072,90,8,1
long,0.35,0.8889,0.8431,0.9556,0.8958,90,8,2
long,0.36,0.8889,0.8431,0.9556,0.8958,90,8,2
long,0.37,0.8889,0.8431,0.9556,0.8958,90,8,2
long,0.38,0.8889,0.8431,0.9556,0.8958,90,8,2
long,0.39,0.8889,0.8431,0.9556,0.8958,90,8,2
long,0.4,0.8778,0.84,0.9333,0.8842,90,8,3
long,0.41,0.8778,0.84,0.9333,0.8842,90,8,3
long,0.42,0.8778,0.84,0.9333,0.8842,90,8,3
long,0.43,0.8778,0.84,0.9333,0.8842,90,8,3
long,0.44,0.8778,0.84,0.9333,0.8842,90,8,3
long,0.45,0.8889,0.8571,0.9333,0.8936,90,7,3
long,0.46,0.8889,0.8571,0.9333,0.8936,90,7,3
long,0.47,0.8889,0.8571,0.9333,0.8936,90,7,3
long,0.48,0.8889,0.8571,0.9333,0.8936,90,7,3
long,0.49,0.8889,0.8571,0.9333,0.8936,90,7,3
long,0.5,0.8889,0.8571,0.9333,0.8936,90,7,3
long,0.51,0.8889,0.8571,0.9333,0.8936,90,7,3
long,0.52,0.8889,0.8571,0.9333,0.8936,90,7,3
long,0.53,0.8889,0.8571,0.9333,0.8936,90,7,3
long,0.54,0.8889,0.8571,0.9333,0.8936,90,7,3
long,0.55,0.8889,0.8571,0.9333,0.8936,90,7,3
long,0.56,0.9,0.875,0.9333,0.9032,90,6,3
long,0.57,0.9111,0.8936,0.9333,0.913,90,5,3
long,0.58,0.9111,0.8936,0.9333,0.913,90,5,3
long,0.59,0.9111,0.8936,0.9333,0.913,90,5,3
long,0.6,0.9111,0.8936,0.9333,0.913,90,5,3
long,0.61,0.9111,0.8936,0.9333,0.913,90,5,3
long,0.62,0.9111,0.8936,0.9333,0.913,90,5,3
long,0.63,0.9,0.8913,0.9111,0.9011,90,5,4
long,0.64,0.8889,0.8889,0.8889,0.8889,90,5,5
long,0.65,0.8778,0.8864,0.8667,0.8764,90,5,6
long,0.66,0.8778,0.8864,0.8667,0.8764,90,5,6
long,0.67,0.8667,0.8837,0.8444,0.8636,90,5,7
long,0.68,0.8778,0.9048,0.8444,0.8736,90,4,7
long,0.69,0.8667,0.9024,0.8222,0.8605,90,4,8
long,0.7,0.8444,0.8974,0.7778,0.8333,90,4,10
long,0.71,0.8444,0.8974,0.7778,0.8333,90,4,10
long,0.72,0.8444,0.8974,0.7778,0.8333,90,4,10
long,0.73,0.8333,0.8947,0.7556,0.8193,90,4,11
long,0.74,0.8333,0.8947,0.7556,0.8193,90,4,11
long,0.75,0.8333,0.8947,0.7556,0.8193,90,4,11
long,0.76,0.8222,0.8919,0.7333,0.8049,90,4,12
long,0.77,0.8333,0.9167,0.7333,0.8148,90,3,12
long,0.78,0.8333,0.9167,0.7333,0.8148,90,3,12
long,0.79,0.8333,0.9167,0.7333,0.8148,90,3,12
long,0.8,0.8333,0.9167,0.7333,0.8148,90,3,12
long,0.81,0.8333,0.9167,0.7333,0.8148,90,3,12
