candidate,dataset,samples,accuracy,precision,recall,f1,roc_auc,brier,TN,FP,FN,TP
V3.4_Baseline,RAID_External,1500,0.9687,0.9838,0.969,0.9763,0.9899,0.03308,484,16,31,969
V3.4_Baseline,SentenceAI_Test,2000,0.855,0.8761,0.827,0.8508,0.9231,0.10647,883,117,173,827
V3.4_Baseline,Real_World_Test,26,0.7308,0.625,0.9091,0.7407,0.9455,0.12876,9,6,1,10
V3.4_Baseline,AIGCodeSet_Test,1000,0.493,0.4941,0.582,0.5344,0.4923,0.35974,202,298,209,291
LogReg_C_4.0,RAID_External,1500,0.9667,0.9827,0.967,0.9748,0.9901,0.03168,483,17,33,967
LogReg_C_4.0,SentenceAI_Test,2000,0.8565,0.8694,0.839,0.8539,0.9232,0.10636,874,126,161,839
LogReg_C_4.0,Real_World_Test,26,0.7308,0.625,0.9091,0.7407,0.9455,0.13178,9,6,1,10
LogReg_C_4.0,AIGCodeSet_Test,1000,0.498,0.4983,0.582,0.5369,0.4935,0.35883,207,293,209,291
LogReg_C_5.0,RAID_External,1500,0.968,0.9847,0.967,0.9758,0.9903,0.03084,485,15,33,967
LogReg_C_5.0,SentenceAI_Test,2000,0.856,0.8716,0.835,0.8529,0.9232,0.10634,877,123,165,835
LogReg_C_5.0,Real_World_Test,26,0.7692,0.6667,0.9091,0.7692,0.9455,0.1338,10,5,1,10
LogReg_C_5.0,AIGCodeSet_Test,1000,0.495,0.4958,0.584,0.5363,0.4944,0.35812,203,297,208,292
