candidate,cal_auc,cal_brier,cal_ece,val_acc,val_bal_acc,val_prec,val_rec,val_f1,val_auc,val_brier,val_ece,TN,FP,FN,TP,total_errors,thresholds,calib_type
Candidate_A_V3.4_Baseline,0.94518,0.09039,0.02608,0.8988,0.89892,0.8898,0.90269,0.8962,0.95626,0.07928,0.03321,461,54,47,436,101,"{'very_short': 0.48, 'short': 0.52, 'medium': 0.62, 'long': 0.57}",platt
Candidate_C_LogReg_C_0.5,0.93364,0.10024,0.01874,0.89279,0.89316,0.87751,0.90476,0.89093,0.9505,0.08542,0.04788,454,61,46,437,107,"{'very_short': 0.45, 'short': 0.53, 'medium': 0.56, 'long': 0.42}",platt
Candidate_C_LogReg_C_1.0,0.94013,0.09477,0.01919,0.89178,0.89212,0.87726,0.90269,0.8898,0.95391,0.08176,0.03953,454,61,47,436,108,"{'very_short': 0.42, 'short': 0.52, 'medium': 0.57, 'long': 0.51}",platt
Candidate_C_LogReg_C_1.5,0.94267,0.09264,0.02172,0.89078,0.89089,0.88163,0.89441,0.88798,0.95507,0.08046,0.03746,457,58,51,432,109,"{'very_short': 0.41, 'short': 0.57, 'medium': 0.6, 'long': 0.57}",platt
Candidate_C_LogReg_C_2.0,0.9439,0.09153,0.02623,0.88878,0.88882,0.88115,0.89027,0.88568,0.95575,0.07984,0.03969,457,58,53,430,111,"{'very_short': 0.37, 'short': 0.57, 'medium': 0.62, 'long': 0.57}",platt
Candidate_C_LogReg_C_3.0,0.94518,0.09039,0.02608,0.8988,0.89892,0.8898,0.90269,0.8962,0.95626,0.07928,0.03321,461,54,47,436,101,"{'very_short': 0.48, 'short': 0.52, 'medium': 0.62, 'long': 0.57}",platt
Candidate_C_LogReg_C_4.0,0.9458,0.08982,0.02798,0.89178,0.89206,0.87879,0.90062,0.88957,0.95646,0.07906,0.0269,455,60,48,435,108,"{'very_short': 0.46, 'short': 0.5, 'medium': 0.62, 'long': 0.58}",platt
Candidate_C_LogReg_C_5.0,0.94622,0.08949,0.02755,0.89579,0.89575,0.89072,0.89441,0.89256,0.95675,0.07896,0.02504,462,53,51,432,104,"{'very_short': 0.49, 'short': 0.53, 'medium': 0.55, 'long': 0.59}",platt
Candidate_C_LogReg_C_6.0,0.94646,0.08927,0.02909,0.89579,0.89568,0.89234,0.89234,0.89234,0.95682,0.07893,0.02403,463,52,52,431,104,"{'very_short': 0.48, 'short': 0.58, 'medium': 0.54, 'long': 0.59}",platt
Candidate_C_LogReg_C_8.0,0.94671,0.08901,0.03072,0.88978,0.89018,0.87375,0.90269,0.88798,0.95694,0.07893,0.02323,452,63,47,436,110,"{'very_short': 0.49, 'short': 0.46, 'medium': 0.55, 'long': 0.58}",platt
Candidate_D_LinearSVM_C_0.1,0.94306,0.09231,0.02594,0.89178,0.89238,0.87129,0.91097,0.89069,0.95528,0.08054,0.04021,450,65,43,440,108,"{'very_short': 0.33, 'short': 0.5, 'medium': 0.62, 'long': 0.33}",platt
Candidate_D_LinearSVM_C_0.5,0.94693,0.08916,0.03615,0.8978,0.89808,0.88485,0.90683,0.89571,0.9568,0.07914,0.02344,458,57,45,438,102,"{'very_short': 0.46, 'short': 0.51, 'medium': 0.54, 'long': 0.54}",platt
Candidate_D_LinearSVM_C_1.0,0.9466,0.08956,0.03242,0.88778,0.8883,0.86879,0.90476,0.88641,0.95573,0.08024,0.02805,449,66,46,437,112,"{'very_short': 0.37, 'short': 0.5, 'medium': 0.55, 'long': 0.51}",platt
Candidate_D_LinearSVM_C_2.0,0.94575,0.09017,0.02556,0.88677,0.8874,0.86561,0.90683,0.88574,0.95455,0.08161,0.02685,447,68,45,438,113,"{'very_short': 0.39, 'short': 0.48, 'medium': 0.54, 'long': 0.51}",platt
Candidate_F_L2Norm_LogReg_C_1.0,0.88432,0.13836,0.03324,0.82064,0.82229,0.78148,0.87371,0.82502,0.91253,0.1203,0.0381,397,118,61,422,179,"{'very_short': 0.28, 'short': 0.5, 'medium': 0.4, 'long': 0.51}",platt
Candidate_F_L2Norm_LogReg_C_2.0,0.90317,0.12561,0.03095,0.82565,0.82759,0.78142,0.8882,0.8314,0.92809,0.10818,0.04368,395,120,54,429,174,"{'very_short': 0.29, 'short': 0.51, 'medium': 0.3, 'long': 0.55}",platt
Candidate_F_L2Norm_LogReg_C_5.0,0.92088,0.11168,0.03074,0.85471,0.85665,0.80839,0.91718,0.85936,0.94064,0.09603,0.04518,410,105,40,443,145,"{'very_short': 0.24, 'short': 0.51, 'medium': 0.39, 'long': 0.41}",platt
Candidate_F_L2Norm_LogReg_C_10.0,0.93035,0.10375,0.02206,0.87174,0.87303,0.83681,0.91304,0.87327,0.94565,0.08994,0.03902,429,86,42,441,128,"{'very_short': 0.27, 'short': 0.52, 'medium': 0.42, 'long': 0.46}",platt
Candidate_F_L2Norm_LogReg_C_20.0,0.93658,0.09819,0.02919,0.88377,0.88468,0.85631,0.91304,0.88377,0.94835,0.08611,0.02772,441,74,42,441,116,"{'very_short': 0.28, 'short': 0.56, 'medium': 0.42, 'long': 0.45}",platt
Candidate_G_UniformWeights_C_3.0,0.94486,0.09052,0.02612,0.89279,0.8929,0.88367,0.89648,0.89003,0.95628,0.0792,0.03108,458,57,50,433,107,"{'very_short': 0.39, 'short': 0.54, 'medium': 0.62, 'long': 0.58}",platt
Candidate_G_BalancedClassOnly_C_3.0,0.94493,0.09047,0.02605,0.89178,0.89212,0.87726,0.90269,0.8898,0.95629,0.0792,0.03156,454,61,47,436,108,"{'very_short': 0.4, 'short': 0.51, 'medium': 0.62, 'long': 0.58}",platt
