experiment,cal_auc,cal_f1,cal_acc,cal_brier,cal_ece,val_acc,val_prec,val_rec,val_f1,val_auc,val_brier,val_ece,FP,FN,thresholds,calib_type
Exp1_V3.4_Baseline,0.94518,0.88249,0.88754,0.09039,0.02608,0.8988,0.8898,0.90269,0.8962,0.95626,0.07928,0.03321,54,47,"{'very_short': 0.48, 'short': 0.52, 'medium': 0.62, 'long': 0.57}",platt
Exp2_RegSearch_C_0.25,0.92357,0.85371,0.85226,0.10841,0.0189,0.86373,0.82798,0.90683,0.86561,0.94487,0.09152,0.04705,91,45,"{'very_short': 0.29, 'short': 0.43, 'medium': 0.54, 'long': 0.52}",platt
Exp2_RegSearch_C_0.5,0.93364,0.86848,0.87211,0.10024,0.01874,0.89279,0.87751,0.90476,0.89093,0.9505,0.08542,0.04788,61,46,"{'very_short': 0.45, 'short': 0.53, 'medium': 0.56, 'long': 0.42}",platt
Exp2_RegSearch_C_1.0,0.94013,0.87827,0.88203,0.09477,0.01919,0.89178,0.87726,0.90269,0.8898,0.95391,0.08176,0.03953,61,47,"{'very_short': 0.42, 'short': 0.52, 'medium': 0.57, 'long': 0.51}",platt
Exp2_RegSearch_C_2.0,0.9439,0.88324,0.88864,0.09153,0.02623,0.88878,0.88115,0.89027,0.88568,0.95575,0.07984,0.03969,58,53,"{'very_short': 0.37, 'short': 0.57, 'medium': 0.62, 'long': 0.57}",platt
Exp2_RegSearch_C_3.0,0.94518,0.88249,0.88754,0.09039,0.02608,0.8988,0.8898,0.90269,0.8962,0.95626,0.07928,0.03321,54,47,"{'very_short': 0.48, 'short': 0.52, 'medium': 0.62, 'long': 0.57}",platt
Exp2_RegSearch_C_5.0,0.94622,0.87973,0.88423,0.08949,0.02755,0.89579,0.89072,0.89441,0.89256,0.95675,0.07896,0.02504,53,51,"{'very_short': 0.49, 'short': 0.53, 'medium': 0.55, 'long': 0.59}",platt
Exp2_RegSearch_C_10.0,0.9468,0.88686,0.89085,0.08889,0.03181,0.89178,0.88344,0.89441,0.88889,0.95697,0.07897,0.02155,57,51,"{'very_short': 0.48, 'short': 0.51, 'medium': 0.56, 'long': 0.58}",platt
Exp3_Solver_lbfgs_C_2.0,0.9439,0.88383,0.88754,0.09153,0.02781,0.89178,0.87726,0.90269,0.8898,0.95572,0.07985,0.03647,61,47,"{'very_short': 0.38, 'short': 0.51, 'medium': 0.62, 'long': 0.56}",platt
Exp3_Solver_liblinear_C_2.0,0.9439,0.88324,0.88864,0.09153,0.02623,0.88878,0.88115,0.89027,0.88568,0.95575,0.07984,0.03969,58,53,"{'very_short': 0.37, 'short': 0.57, 'medium': 0.62, 'long': 0.57}",platt
Exp4_LinearSVM_Platt,0.9466,0.88514,0.88754,0.08956,0.03242,0.88778,0.86879,0.90476,0.88641,0.95573,0.08024,0.02805,66,46,"{'very_short': 0.37, 'short': 0.5, 'medium': 0.55, 'long': 0.51}",platt
Exp5A_Word_TFIDF_Only,0.91391,0.85868,0.85557,0.11464,0.03069,0.82665,0.77679,0.90062,0.83413,0.92245,0.11138,0.05644,125,48,"{'very_short': 0.26, 'short': 0.46, 'medium': 0.46, 'long': 0.39}",platt
Exp5B_Char_TFIDF_Only,0.93093,0.86747,0.86659,0.1026,0.02664,0.85772,0.81516,0.91304,0.86133,0.93971,0.09679,0.03272,100,42,"{'very_short': 0.42, 'short': 0.43, 'medium': 0.35, 'long': 0.42}",platt
Exp5C_Word_Char_TFIDF,0.93683,0.87179,0.8677,0.09717,0.02485,0.85772,0.80501,0.93168,0.86372,0.94879,0.08908,0.03915,109,33,"{'very_short': 0.25, 'short': 0.44, 'medium': 0.39, 'long': 0.42}",platt
Exp5D_TFIDF_MiniLM,0.94489,0.88562,0.88864,0.09135,0.02789,0.88778,0.87174,0.90062,0.88595,0.95225,0.08289,0.02384,64,48,"{'very_short': 0.39, 'short': 0.51, 'medium': 0.6, 'long': 0.4}",platt
Exp6_Enhanced_Stylometry_C_1.5,0.94206,0.87875,0.87982,0.09345,0.01432,0.88577,0.86248,0.9089,0.88508,0.95561,0.0799,0.03575,70,44,"{'very_short': 0.3, 'short': 0.45, 'medium': 0.64, 'long': 0.31}",platt
Exp6_Enhanced_Stylometry_C_2.0,0.94325,0.88009,0.87982,0.09225,0.01885,0.88377,0.84952,0.9234,0.88492,0.95627,0.0793,0.03578,79,37,"{'very_short': 0.29, 'short': 0.43, 'medium': 0.52, 'long': 0.32}",platt
Exp6_Enhanced_Stylometry_C_2.5,0.94414,0.8757,0.87762,0.09152,0.02121,0.88677,0.86706,0.90476,0.88551,0.95664,0.07896,0.03276,67,46,"{'very_short': 0.34, 'short': 0.49, 'medium': 0.64, 'long': 0.32}",platt
Exp6_Enhanced_Stylometry_C_3.0,0.94471,0.87684,0.87982,0.09102,0.02246,0.88978,0.87677,0.89855,0.88753,0.95688,0.07876,0.0318,61,49,"{'very_short': 0.35, 'short': 0.52, 'medium': 0.6, 'long': 0.33}",platt
Exp7_Enhanced_UniformWeights_C_2.0,0.94294,0.88,0.88093,0.09262,0.01392,0.88677,0.86133,0.91304,0.88643,0.95612,0.07934,0.03849,71,42,"{'very_short': 0.3, 'short': 0.45, 'medium': 0.62, 'long': 0.32}",platt
Exp7_Enhanced_BalancedClassOnly_C_2.0,0.94303,0.88,0.88093,0.09256,0.01389,0.88577,0.85965,0.91304,0.88554,0.95611,0.07933,0.038,72,42,"{'very_short': 0.3, 'short': 0.45, 'medium': 0.62, 'long': 0.32}",platt
Exp_Calib_Raw_Probs,0.94325,0.87982,0.87982,0.0925,0.02159,0.88477,0.85115,0.9234,0.8858,0.95627,0.08006,0.04189,78,37,"{'very_short': 0.34, 'short': 0.44, 'medium': 0.52, 'long': 0.34}",none
Exp_Calib_Isotonic,0.94785,0.87946,0.88093,0.08754,0.0,0.87976,0.8538,0.90683,0.87952,0.95279,0.07925,0.0227,75,45,"{'very_short': 0.28, 'short': 0.36, 'medium': 0.61, 'long': 0.42}",isotonic
