text,label,label_name,word_count,length_group,source,dataset,record_id,raid_model,domain,probability,applied_threshold,prediction,error_type,log_word_count,sentence_count,avg_sentence_length,vocabulary_diversity,length_bucket,token_entropy,rep_ngram_ratio,transition_ratio,contraction_density,pronoun_density,question_density,exclamation_density,ellipsis_density,sent_len_var,uppercase_word_ratio,irregular_caps_ratio,code_keyword_density,code_symbol_density,function_def_flag,import_stmt_flag,code_line_ratio,code_likelihood,non_ascii_ratio,german_char_density,accented_char_density,is_german_indicator,eval_prediction,eval_ai_prob,eval_human_prob,eval_confidence,eval_threshold,eval_length_group,error_category
"As president, Reagan implemented sweeping new political and economic initiatives.",0,,,very_short,open_qa,HC3,17977.0,,,0.8107260950733812,0.49,1,False Positive,2.3978953,1.0,10.0,1.0,0.0,2.9219282,0.0,0.0,0.0,0.0,0.0,0.0,0.0,0.0,0.0,0.0,0.0,0.0,0.0,0.0,0.0,0.0,0.0,0.0,0.0,0.0,1,0.8004942312208422,0.19950576877915782,0.8004942312208422,0.49,very_short,False Positive
it is cliché . also the song is bad .,0,,,very_short,reddit_eli5,HC3,15135.0,,,0.6769242704329715,0.49,1,False Positive,2.3978953,2.0,5.0,0.8,0.0,2.2464395,0.0,0.0,0.0,0.0,0.0,0.0,0.0,0.25,0.0,0.0,0.0,0.0,0.0,0.0,0.0,0.0,0.027027028,0.0,0.027027028,0.0,1,0.6637603367317277,0.33623966326827226,0.6637603367317277,0.49,very_short,False Positive
A flat tax is more hurtful to lower incomes,0,,,very_short,reddit_eli5,HC3,9494.0,,,0.6278582049081001,0.49,1,False Positive,2.3025851,1.0,9.0,1.0,0.0,2.5032582,0.0,0.0,0.0,0.0,0.0,0.0,0.0,0.0,0.0,0.0,0.0,0.0,0.0,0.0,0.0,0.0,0.0,0.0,0.0,0.0,1,0.6142499384835637,0.3857500615164363,0.6142499384835637,0.49,very_short,False Positive
"The acronym originally stood for Supreme Headquarters, International Espionage, Law-Enforcement Division.",0,,,short,open_qa,HC3,17999.0,,,0.8296262243510781,0.53,1,False Positive,2.4849067,1.0,11.0,1.0,1.0,2.732159,0.0,0.0,0.0,0.0,0.0,0.0,0.0,0.0,0.0,0.09090909,0.0,0.0,0.0,0.0,0.0,0.0,0.0,0.0,0.0,0.0,1,0.8200366166512819,0.1799633833487181,0.8200366166512819,0.53,short,False Positive
"Armando Pérez (born January 15, 1981), better known by his stage name Pitbull, is an American rapper, songwriter, and record producer.",0,,,short,open_qa,HC3,17944.0,,,0.9740439197144978,0.53,1,False Positive,3.0910425,1.0,21.0,1.0,1.0,3.0104342,0.0,0.0,0.0,0.0,0.0,0.0,0.0,0.0,0.0,0.0,0.0,0.0,0.0,0.0,0.0,0.0,0.0074626864,0.0,0.0074626864,0.0,1,0.9718642775691956,0.028135722430804422,0.9718642775691956,0.53,short,False Positive
Most jewish holidays are more cultural than they are biblical .,0,,,short,reddit_eli5,HC3,1542.0,,,0.6347871222571089,0.53,1,False Positive,2.4849067,1.0,11.0,0.90909094,1.0,2.1180782,0.0,0.0,0.0,0.09090909,0.0,0.0,0.0,0.0,0.0,0.0,0.0,0.0,0.0,0.0,0.0,0.0,0.0,0.0,0.0,0.0,1,0.6212229817402039,0.37877701825979615,0.6212229817402039,0.53,short,False Positive
"Signal processing is an electrical engineering subfield that focuses on analyzing, modifying and synthesizing signals, such as sound, images, and scientific measurements. Signal processing techniques are used to optimize transmissions, digital storage efficiency, correcting distorted signals, subjective video quality and to also detect or pinpoint components of interest in a measured signal.",0,,,medium,wiki_csai,HC3,18883.0,,,0.992388500928092,0.64,1,False Positive,3.9702919,2.0,26.0,0.88461536,2.0,3.3885183,0.0,0.0,0.0,0.0,0.0,0.0,0.0,0.15384616,0.0,0.0,0.0,0.0,0.0,0.0,0.0,0.0,0.0,0.0,0.0,0.0,1,0.9916534410361506,0.008346558963849393,0.9916534410361506,0.64,medium,False Positive
Cut your own typically means that the land has to be maintained and kept up and the trees taken care of and they are fresh . Pre - Cut trees come from out of the area where costs are less and they are more focused on selling quantities and not quality . Plus they are older .,0,,,medium,reddit_eli5,HC3,179.0,,,0.70742528888477,0.64,1,False Positive,4.060443,3.0,19.0,0.71929824,2.0,2.5297627,0.018181818,0.0,0.0,0.07017544,0.0,0.0,0.0,0.54997194,0.0,0.0,0.0,0.0,0.0,0.0,0.0,0.0,0.0,0.0,0.0,0.0,1,0.6946987790153272,0.3053012209846728,0.6946987790153272,0.64,medium,False Positive
"While creep - nu is righ , there is another reason - both PIN and RFID chip setups are thorogly compromised and as borne out by real world data do not provide significant added protection . If anything , RFID makes cards more vulnerable to theft without physical contact .",0,,,medium,reddit_eli5,HC3,9354.0,,,0.6562655768366282,0.64,1,False Positive,3.9318256,2.0,25.0,0.88,2.0,3.117781,0.0,0.0,0.0,0.0,0.0,0.0,0.0,0.45833334,0.06,0.0,0.0,0.0,0.0,0.0,0.0,0.0,0.0,0.0,0.0,0.0,1,0.6428766882385784,0.35712331176142165,0.6428766882385784,0.64,medium,False Positive
"The Westphalian Treaty 1648 set up the principle that all states should be sovereign within their own right and allowed to set up a system to rule their own state . This system essentially set up for a long peace allowing for the national pride others have mentioned , thus locking us in a system of separate sovereign nations .",0,,,medium,reddit_eli5,HC3,3837.0,,,0.6649172838845213,0.64,1,False Positive,4.1108737,2.0,30.0,0.73333335,2.0,3.1447291,0.0,0.016666668,0.0,0.05,0.0,0.0,0.0,0.03448276,0.0,0.0,0.0,0.0,0.0,0.0,0.0,0.0,0.0,0.0,0.0,0.0,1,0.6516156325741004,0.3483843674258996,0.6516156325741004,0.64,medium,False Positive
"Cortana is a virtual assistant developed by Microsoft that uses the Bing search engine to perform tasks such as setting reminders and answering questions for the user.
Cortana is currently available in English, Portuguese, French, German, Italian, Spanish, Chinese, and Japanese language editions, depending on the software platform and region in which it is used.
Microsoft began reducing the prevalence of Cortana and converting it from an assistant into different software integrations in 2019. It was split from the Windows 10 search bar in April 2019.[10] In January 2020, the Cortana mobile app was removed from certain markets,[11][12] and on March 31, 2021, the Cortana mobile app was shut down globally.[13]",0,,,long,wiki_csai,HC3,18648.0,,,0.9513194894303922,0.59,1,False Positive,4.7184987,5.0,22.2,0.7027027,3.0,3.2290356,0.027522936,0.0,0.0,0.0,0.0,0.0,0.0,0.5160893,0.0,0.0,0.0,0.0,0.0,0.0,0.0,0.0,0.0,0.0,0.0,0.0,1,0.9475970241491002,0.05240297585089981,0.9475970241491002,0.59,long,False Positive
"The Twin Towers of the World Trade Center in New York City were destroyed on September 11, 2001. The North Tower (Tower 1) was completed in 1970, and the South Tower (Tower 2) was completed in 1971, so at the time of their destruction, the Twin Towers were 31 and 30 years old, respectively.",1,,,medium,open_qa,HC3,17943.0,,,0.6202092668857249,0.64,0,False Negative,4.0073333,2.0,27.0,0.7037037,2.0,2.6492858,0.01923077,0.0,0.0,0.018518519,0.0,0.0,0.0,0.33333334,0.0,0.037037037,0.0,0.0,0.0,0.0,0.0,0.0,0.0,0.0,0.0,0.0,0,0.6065595023852068,0.39344049761479316,0.39344049761479316,0.64,medium,False Negative
"If a relative is ""first removed,"" that means they are one generation younger or older than your first cousin. For example, if you and your first cousin have the same grandparents, then your first cousin's children would be your first cousins once removed, because they are one generation younger than your first cousin. Does that make sense?",1,,,medium,reddit_eli5,HC3,11332.0,,,0.4449594257012813,0.64,0,False Negative,4.060443,3.0,19.0,0.7017544,2.0,2.973753,0.09090909,0.0,0.0,0.14035088,0.01754386,0.0,0.0,0.64460254,0.0,0.0,0.0,0.0,0.0,0.0,0.0,0.0,0.0,0.0,0.0,0.0,0,0.43220107608683955,0.5677989239131604,0.5677989239131604,0.64,medium,False Negative
"There is no mini version of Google stock. Google is a publicly traded company, and its stock is listed on the NASDAQ stock exchange under the ticker symbol ""GOOGL."" If you are interested in buying or selling shares of Google stock, you will need to use the GOOGL ticker symbol.",1,,,medium,finance,HC3,20089.0,,,0.3808726720534035,0.64,0,False Negative,3.9318256,3.0,16.666666,0.8,2.0,2.767692,0.0,0.0,0.0,0.04,0.0,0.0,0.0,0.37512013,0.06,0.0,0.0,0.0,0.0,0.0,0.0,0.0,0.0,0.0,0.0,0.0,0,0.36922901395286883,0.6307709860471311,0.6307709860471311,0.64,medium,False Negative
"When you yawn, your body is trying to get more oxygen. To do this, your chest expands and your lungs fill up with air. The muscles around your eyes may also stretch and cause your eyes to water. This is a normal bodily response and is nothing to be worried about. It's just your body's way of trying to get more oxygen and keep you healthy. So if your eyes water when you yawn, it's not because you're crying, it's just a normal part of the yawning process.",1,,,long,reddit_eli5,HC3,13530.0,,,0.2314502188232405,0.59,0,False Negative,4.4886365,6.0,14.666667,0.64772725,3.0,2.6721847,0.023255814,0.0,0.045454547,0.125,0.0,0.0,0.0,0.23836565,0.0,0.0,0.0,0.0,0.0,0.0,0.0,0.0,0.0,0.0,0.0,0.0,0,0.223731295768037,0.776268704231963,0.776268704231963,0.59,long,False Negative
"def Diff(li1,li2):
    return (list(list(set(li1)-set(li2)) + list(set(li2)-set(li1))))",0,Human,,very_short,,RAID,,human,code,0.713066018146926,0.49,1,False Positive,1.9459101,1.0,6.0,1.0,0.0,2.5849626,0.0,0.0,0.0,0.0,0.0,0.0,0.0,0.0,0.0,0.0,0.33333334,0.0,1.0,0.0,1.0,1.0,0.0,0.0,0.0,0.0,1,0.7004344853632183,0.2995655146367817,0.7004344853632183,0.49,very_short,False Positive
"def max_sum_list(lists):
 return max(lists, key=sum)",0,Human,,very_short,,RAID,,human,code,0.7820021401639905,0.49,1,False Positive,1.7917595,1.0,5.0,1.0,0.0,2.321928,0.0,0.0,0.0,0.0,0.0,0.0,0.0,0.0,0.0,0.0,0.4,0.0,1.0,0.0,1.0,1.0,0.0,0.0,0.0,0.0,1,0.7709095464294385,0.22909045357056146,0.7709095464294385,0.49,very_short,False Positive
"def previous_palindrome(num):
    for x in range(num-1,0,-1):
        if str(x) == str(x)[::-1]:
            return x",0,Human,,short,,RAID,,human,code,0.7092883511916378,0.53,1,False Positive,2.5649493,1.0,12.0,0.9166667,1.0,2.688722,0.0,0.0,0.0,0.0,0.0,0.0,0.0,0.0,0.0,0.0,0.25,0.16666667,1.0,0.0,1.0,1.0,0.0,0.0,0.0,0.0,1,0.696592752463321,0.303407247536679,0.696592752463321,0.53,short,False Positive
"def remove_empty(tuple1): #L = [(), (), ('',), ('a', 'b'), ('a', 'b', 'c'), ('d')]
   tuple1 = [t for t in tuple1 if t]
   return tuple1",0,Human,,short,,RAID,,human,code,0.6202051672283563,0.53,1,False Positive,3.218876,1.0,24.0,0.8333333,1.0,2.6420796,0.0,0.0,0.0,0.0,0.0,0.0,0.0,0.0,0.041666668,0.0,0.125,0.083333336,1.0,0.0,1.0,1.0,0.0,0.0,0.0,0.0,1,0.6065553152354484,0.39344468476455163,0.6065553152354484,0.53,short,False Positive
"def count_Digit(n):
    count = 0
    while n != 0:
        n //= 10
        count += 1
    return count",0,Human,,short,,RAID,,human,code,0.9497328123502378,0.53,1,False Positive,2.8903718,1.0,17.0,0.8235294,1.0,2.3457193,0.0,0.0,0.0,0.0,0.0,0.0,0.0,0.1764706,0.0,0.05882353,0.1764706,0.1764706,1.0,0.0,1.0,1.0,0.0,0.0,0.0,0.0,1,0.9459098332310127,0.05409016676898726,0.9459098332310127,0.53,short,False Positive
"def pos_count(list):
  pos_count= 0
  for num in list: 
    if num >= 0: 
      pos_count += 1
  return pos_count",0,Human,,short,,RAID,,human,code,0.581596747670049,0.53,1,False Positive,2.8903718,1.0,17.0,0.88235295,1.0,2.6986604,0.0,0.0,0.0,0.0,0.0,0.0,0.0,0.0,0.0,0.0,0.1764706,0.11764706,1.0,0.0,1.0,1.0,0.0,0.0,0.0,0.0,1,0.5678462328614188,0.4321537671385812,0.5678462328614188,0.53,short,False Positive
"import re
def find_character(string):
  uppercase_characters = re.findall(r""[A-Z]"", string) 
  lowercase_characters = re.findall(r""[a-z]"", string) 
  numerical_characters = re.findall(r""[0-9]"", string) 
  special_characters = re.findall(r""[, .!?]"", string) 
  return uppercase_characters, lowercase_characters, numerical_characters, special_characters",0,Human,,short,,RAID,,human,code,0.6543350416961421,0.53,1,False Positive,3.295837,7.0,3.7142856,0.6923077,1.0,3.0458417,0.0,0.0,0.0,0.0,0.03846154,0.03846154,0.0,0.4,0.0,0.03846154,0.115384616,0.0,1.0,1.0,1.0,1.0,0.0,0.0,0.0,0.0,1,0.6409276774186913,0.3590723225813087,0.6409276774186913,0.53,short,False Positive
"def decimal_To_Binary(N): 
    B_Number = 0
    cnt = 0
    while (N != 0): 
        rem = N % 2
        c = pow(10,cnt)  
        B_Number += rem*c  
        N //= 2 
        cnt += 1
    return B_Number",0,Human,,medium,,RAID,,human,code,0.6652247936798542,0.64,1,False Positive,3.465736,1.0,31.0,0.67741936,2.0,2.4261196,0.0,0.0,0.0,0.0,0.0,0.0,0.0,0.3548387,0.032258064,0.12903225,0.09677419,0.12903225,1.0,0.0,1.0,1.0,0.0,0.0,0.0,0.0,1,0.6519265677715452,0.34807343222845477,0.6519265677715452,0.64,medium,False Positive
"def check_triplet(A, n, sum, count):
    if count == 3 and sum == 0:
        return True
    if count == 3 or n == 0 or sum < 0:
        return False
    return check_triplet(A, n - 1, sum - A[n - 1], count + 1) or\
           check_triplet(A, n - 1, sum, count)",0,Human,,medium,,RAID,,human,code,0.8315432510803594,0.64,1,False Positive,3.912023,1.0,49.0,0.5510204,2.0,2.6385405,0.08510638,0.0,0.0,0.0,0.0,0.0,0.0,0.0,0.0,0.06122449,0.08163265,0.08163265,1.0,0.0,1.0,1.0,0.0,0.0,0.0,0.0,1,0.8220222162171759,0.17797778378282414,0.8220222162171759,0.64,medium,False Positive
"Der deutsche Rechnungsbetrug: Wie man seine Skandale vermeidet. Hier sind einige Tipps, die Ihnen helfen können, skandinavische Kriminalität zu verhindern und in zukünftigen Jahren vor diesem Problem zu schützen. Haben...",1,AI,,short,,RAID,,mpt-chat,german,0.5409474201140804,0.53,1,Correct,3.4339871,5.0,6.0,0.96666664,1.0,3.419251,0.0,0.0,0.0,0.0,0.0,0.0,0.033333335,0.8286535,0.0,0.0,0.0,0.0,0.0,0.0,0.0,0.0,0.018099548,0.018099548,0.018099548,1.0,0,0.5272801980650733,0.4727198019349267,0.4727198019349267,0.53,short,False Negative
"def camel_to_snake(camelCaseString):
    words = camelCaseString.split(' ')
    snake_case_string = '_'.join(word.lower() for word in words)
    return snake_case_string",1,AI,,short,,RAID,,mpt-chat,code,0.4679607567215686,0.53,0,False Negative,2.7725887,3.0,5.0,0.8666667,1.0,3.240224,0.0,0.0,0.0,0.0,0.0,0.0,0.0,0.4843221,0.0,0.13333334,0.2,0.06666667,1.0,0.0,1.0,1.0,0.0,0.0,0.0,0.0,0,0.4548979804623805,0.5451020195376195,0.5451020195376195,0.53,short,False Negative
"https://t.co/zEJ6hHd7eA pic.twitter.com/Ri2XbxQvT5 — Jens Koppenhöfer (@jkoppenhove) February 16, 2016

More from: Alternative für Deutschland (AfD), EURACTIV Germany",1,AI,,short,,RAID,,gpt2,german,0.4240258371925553,0.53,0,False Negative,2.8903718,3.0,5.6666665,1.0,1.0,3.2927701,0.0,0.0,0.0,0.0,0.0,0.0,0.0,1.2727922,0.05882353,0.1764706,0.0,0.0,0.0,0.0,0.0,0.0,0.018072288,0.012048192,0.012048192,1.0,0,0.4115893753402523,0.5884106246597477,0.5884106246597477,0.53,short,False Negative
"def is_valid_triangle(p1, p2, p3):
    return (p2[0] - p1[0]) * (p3[1] - p1[1]) >= (p3[0] - p1[0]) * (p2[1] - p1[1])",1,AI,,short,,RAID,,mpt-chat,code,0.4742455287442207,0.53,0,False Negative,3.0445225,1.0,20.0,0.7,1.0,2.019973,0.055555556,0.0,0.0,0.0,0.0,0.0,0.0,0.0,0.0,0.0,0.1,0.05,1.0,0.0,1.0,1.0,0.0,0.0,0.0,0.0,0,0.46110873510631367,0.5388912648936863,0.5388912648936863,0.53,short,False Negative
"Mitte Oktober plant Präsident David Cameron, automobilhersteller in Großbritannien anzutreiben. Dafür wird er eine neue Konferenz zur Unterstützung der Automobilindustrie veranstalten und die Einschränkungen im Hinblick auf den CO2-Ausstoß fördern. Außenminister William Hague gehört zudem zu ihnen, welcher künftig ein Autoherstellungsprogramm einführen möchte, das es aus britischen Rohstoffen gemachte Fahrzeuge bewirbt.</p>",1,AI,,medium,,RAID,,mpt-chat,german,0.1512283629729557,0.64,0,False Negative,3.9512436,3.0,17.0,1.0,2.0,3.7357948,0.0,0.0,0.0,0.0,0.0,0.0,0.0,0.6272887,0.0,0.019607844,0.0,0.0,0.0,0.0,0.0,0.0,0.028103044,0.028103044,0.021077283,1.0,0,0.1462061090069654,0.8537938909930346,0.8537938909930346,0.64,medium,False Negative
"import re 
def get_value(string): 
       s = ""(?P<quote>[\""\'])"" # Define positive look head group in regular expression, set it equal as quote character (as defined previously)  # Look ahead for anything which could be an end-of line   return s if r""[ \t]+[aA]lso|(?:re)[ \r\n]*"".search(_str)<->None else _p['quotate'].group(""end"")",1,AI,,medium,,RAID,,mpt,code,0.6511380784290246,0.64,1,Correct,3.8066626,4.0,11.0,0.9318182,2.0,3.5051093,0.0,0.0,0.0,0.0,0.045454547,0.0,0.0,1.3398279,0.0,0.06818182,0.06818182,0.022727273,1.0,1.0,1.0,1.0,0.0,0.0,0.0,0.0,0,0.6377017719991175,0.3622982280008825,0.3622982280008825,0.64,medium,False Negative
"def kth_element(arr1, arr2, k):
    i = 0
    j = 0
    while i < len(arr1) and j < len(arr2):
        if arr1[i] < arr2[j]:
            i += 1
        else:
            if k == 0:
                return arr1[i]
            k -= 1
            j += 1
    return arr2[j] if k == 0 else None",1,AI,,medium,,RAID,,mpt,code,0.5448427520083031,0.64,0,False Negative,3.8501475,1.0,46.0,0.5869565,2.0,2.6272023,0.022727273,0.0,0.0,0.10869565,0.0,0.0,0.0,0.0,0.0,0.0,0.10869565,0.10869565,1.0,0.0,1.0,1.0,0.0,0.0,0.0,0.0,0,0.5311593387412016,0.4688406612587984,0.4688406612587984,0.64,medium,False Negative
"Acht Verletzte bei Zusammenstößen in Flüchtlingslager Piräus

Piräus - In der griechischen Hafenstadt Piräus sind heute Abend bei Zusammenstößen zwischen Flüchtlingen und Sicherheitskräften acht Menschen verletzt worden. Nach Angaben der Behörden handelte es sich um eine Gruppe von etwa 100 Flüchtlingen, die versucht hatten, das Lager zu verlassen, um in die Stadt zu gelangen.

Die Flüchtlinge hatten sich angeblich mit Steinen, Stöcken und anderen Gegenständen bewaffnet und griffen die Sicherheitskräfte an, als diese versuchten, sie aufzuhalten. Die Sicherheitskräfte mussten daraufhin Tränengas einsetzen, um die Situation unter Kontrolle zu bringen.

Ein Sprecher der griechischen Polizei teilte mit, dass acht Menschen verletzt wurden, darunter auch einige Sicherheitskräfte. Die Verletzten wurden in ein nahegelegenes Krankenhaus gebracht, um medizinische Behandlung zu erhalten.

Das Flüchtlingslager in Piräus ist eines der größten in Griechenland und beherbergtzeitweise Tausende von Flüchtlingen, die auf der Suche nach einer sicheren Zukunft in Europa sind. Die Bedingungen im Lager sind oft prekär, was zuvor bereits zu Zusammenstößen und Protesten geführt hat.

Die griechische Regierung hat sich in letzter Zeit bemüht, die Situation in den Flüchtlingslagern zu verbessern, indem sie zusätzliche Ressourcen und Unterstützung bereitstellt hat. Allerdings bleibt die Situation für die Flüchtlinge weiterhin schwierig, da die Mehrheit von ihnen noch immer auf eine dauerhafte Lösung wartet.

Die EU hat sich in letzter Zeit ebenfalls um eine Lösung des Flüchtlingsproblems bemüht",1,AI,,long,,RAID,,llama-chat,german,0.6008491655912677,0.59,1,Correct,5.3936276,10.0,21.9,0.6484018,3.0,3.57826,0.01843318,0.0,0.0,0.0,0.0,0.0,0.0,0.2712959,0.00456621,0.0,0.0,0.0,0.0,0.0,0.0,0.0,0.023839397,0.023839397,0.021329988,1.0,0,0.587126321794065,0.412873678205935,0.412873678205935,0.59,long,False Negative
"Der Erfinder der E-Mail, Dr. Ray Tomlinson (74), ist am von einem Herzinfarkt gestorben. Tomlinson entwickelte das programmierbare Sprachprotokoll SMTP (Simple Mail Transfer Protocol) 1973 für die Verwendung innerhalb des ARPA-Netzes und schuf damit Grundstein für den modernen Internetauftritt.
Sein Werk hat nicht nur Geschäfte revolutioniert - private Kommunikation über große Entfernungen wurde dadurch erst möglich. 
""Ohne ihn würden heute viele Dienste wie Gmail oder Hotmai gar nicht existieren"", sagte einer seiner Freunde gegenüber Zeit Online. 
Tomlinson verließ sich zudem auf technische Lösungen um ein Problem zu lösen: In seinen frühen Jahren begann sein Arbeitgeber daran MITs E-Mailsystem zu blockieren nachdem es mehrmals Missbrauch gefunden hatte. Daher kam es dazu dass dieser Anfragen durch Softwareprogramme automatisch freigab. Das konnte bis dato keiner in dieses Unternehmen geschafft haben weil alle anderen voraussahvoll waren was unser Programmlieferant tun wird",1,AI,,long,,RAID,,mpt-chat,german,0.4948738111775524,0.59,0,False Negative,4.9272537,7.0,19.571428,0.9270073,3.0,3.516924,0.0,0.0,0.0,0.0,0.0,0.0,0.0,0.45927435,0.00729927,0.04379562,0.0,0.0,0.0,0.0,0.0,0.0,0.012133468,0.012133468,0.010111224,1.0,0,0.4815226480602049,0.5184773519397952,0.5184773519397952,0.59,long,False Negative
"Die Europäische Union, die Vereinten Nationen und andere Mächte haben sich darauf verständigt. Die USA wurden aber von ihrem Präsident nicht dazu aufgerufen – nachdem sie an der Bildung des Libyerumsatzsteuererklarungsaufragteil beteiligt sind; das heißt nämlich: Barack Obama ließe es eher als Führender eines Wirtschaftsverbandes vorlückern (""Libyan oil sales tax group starts up""). Dabei muss man wissen dass in Frankreich sowohl bei links wie auch rechts einer breiten Bereitschaft entgegenkommt den Irakern Helfer zu werden unter Sockennamen geltend machend - solange kein echter Gegner zum Angriff gewählt ist! Im Vorfeld eine Art Volksbewegtheit? Umso bess er schwebt wenn alle anderen noch gar keine Erfahrungen dieser Machtfrage kürzen ausgelöschen oder zur Unmündigkeit gelangschlägert wurde?! Und dies so län ge daß selber wiederum nur um möglichst zwarfehlende Zugestimmerei wird!!! Man könn jedoch ebenso leiter fraget ob jetzt etwa gleiche Länder belehrt worden weieren hätten aussagen können was ja berechtigen Grund hat!! Auch für einen Fall werde natürlisch überleg sein wo gerade diese Schutzpässe durchgeschickt erscheinen (Kräftebesprechinbiet) am bestimmsten notwendige nötig gebotene Kompetenz/Ü berzeugingen abliefern müssen wir unseres Übrigens kann ich da allerdings meine Meindeure behauptnen! Sehr gut habe mich hier gefunden. Ja Leben sei nun endlich viel frischer bis danach drunttuerkler herab stolpplung... Einfacher menschenkonzentrat find's doff.... Danke sehr fuer deiner Hilfsaermei ufo",1,AI,,long,,RAID,,mpt,german,0.1604800090623859,0.59,0,False Negative,5.3565865,20.0,10.55,0.96682465,3.0,3.5388243,0.0,0.0,0.0,0.0,0.009478673,0.037914693,0.009478673,0.6920567,0.0047393367,0.014218009,0.0,0.0,0.0,0.0,1.0,0.3,0.020381328,0.019723866,0.01775148,1.0,0,0.15513212194624182,0.8448678780537582,0.8448678780537582,0.59,long,False Negative
"""Am selben Tag gab die NATO gegenwärtig darüber bekannt, dass bei einem Strafantrag auf einen is-Glaubensfanatiker zwei Insassen der international besetzten Hauptstadt getötet wurden. Ein westliches Militärstellenvertreter gestand spätestens am 29 November 2007 an diesem Vorfall Schuld."" Translation (""A suicide bomber killed ten people on Friday..."") ""... and that at the same time two residents of Afghanistan's capital city were shot dead by foreign troops during a search operation... A western military spokesman confessed responsibility no later than 23rd Nov., [2007]."" There are about 20 more articles but I believe these illustrate what was said above; as far back you can go there will always be mention or indication made for any wrongdoing from those considered to have such power/control over whatever might appear 'bad'. And it'll never change until we ourselves make certain changes (not very likely). But just how hard could this all really truly come? If our minds become closed off then everything else closes down too - if your eyes don't see bad coming into reality when given examples like found here why should they notice anything otherways occurring simultaneously elsewhere even while still reading only mainstream media outlets?! How do things ever improve since with each new case being reported comes another reason which leads them onto next topic soon enough regardless whether true story based events happen today again tomorrow month year after &c.. It does seem quite obvious though considering many times someone wants nothing less so much better: They already know truth isn’ t easily bought out using paper money! This site provides us proof through example(s); also look closely around yourself before calling lies everywhere because sometimes mistakes aren‘ need blame game played unless both sides agree cooperate together peacefully first step towards resolving issues rather fighting among themselves instead.” What role would my research play within society anyway besides giving me something useful occupy mind throughout day long days boring life without love laughs tears happiness joy passion excitement curiosity interest satisfaction contentment fulfillment loneliness boredom resentment anger frustration disappointment disillusion despair dejection depression despondency etceteras ad nauseam ditto plaintively endlessly repeatedly eternally interminably innumerabiliter ex infinitum iteratedly indefessamente continuously perpetually unceasing endlessy monotonously tediously rep",1,AI,,long,,RAID,,mpt,german,0.5997759334660995,0.59,1,Correct,5.9053617,22.0,16.636364,0.97540987,3.0,3.4109685,0.0,0.0,0.0027322404,0.038251366,0.0054644807,0.0054644807,0.010928961,0.7425081,0.0054644807,0.0054644807,0.0027322404,0.0,0.0,0.0,1.0,0.3068306,0.003160806,0.0019755038,0.0019755038,1.0,0,0.5860504000783157,0.41394959992168434,0.41394959992168434,0.59,long,False Negative
"Terrorangst in Deutschland: Alle müssen lernen

Nach dem heißen Debattenthemen ""Deutschland sucht Denker"" ist es Zeit für ein neues Thema im Fernsehen: ""Terrorangst in Deutschland - Alle müssen lernen"". Die Sendung wird am Donnerstag, den 15. März um 20:15 Uhr auf dem Kanal RTL ausgestrahlt werden.

In der Sendung wird die Frage diskutiert, wie die Bevölkerung gegen den Terrorismus vorgehen soll. Es gibt viele Meinungen darüber, wie man den Terrorismus bekämpfen kann, aber es ist klar, dass es keine einfache Lösung gibt. Einige meinen, dass die Polizei und die Geheimdienste mehr Macht benötigen, um den Terrorismus aufzuklären und zu bekämpfen. Andere meinen, dass es darauf ankommt, die Bevölkerung zu bewusstmachen und zu schulen, wie man sich gegen den Terrorismus wehren kann.

Der Moderator der Sendung, der bekannte Journalistin Anne Will, wird die Meinungen verschiedener Experten und Laien einholen und diskutieren. Es ist interessant zu sehen, welche Lösungen und Ansätze vorgeschlagen werden und ob es eine Einigung gibt.

Es ist wichtig, das Thema Terrorismus offen zu diskutieren, um zu verstehen, wie wir uns gegenüber dem Terrorismus verhalten sollten. Alle Menschen müssen lernen, wie sie sich wehren können, und es ist derzeit wichtiger denn je, dass wir das Thema diskutieren und Lösungen finden.

Wir raten allen, die Sendung am Donnerstag, den 15. März um 20:15 Uhr auf dem Kanal RTL nicht zu verpassen. Es wird eine interessante und aufschlussreiche Disk",1,AI,,long,,RAID,,mpt-chat,german,0.5351476714416007,0.59,0,False Negative,5.433722,13.0,17.538462,0.57894737,3.0,3.271293,0.048672568,0.0,0.0,0.0,0.0,0.0,0.0,0.3968753,0.00877193,0.00877193,0.0,0.0,0.0,0.0,0.0,0.0,0.013504389,0.013504389,0.01282917,1.0,0,0.5215072980285579,0.4784927019714421,0.4784927019714421,0.59,long,False Negative
Not take away activities.,0,Human,4.0,very_short,human_vs_ai_sentences,SentenceAI,,,,0.5051488318008068,0.49,1,False Positive,1.609438,1.0,4.0,1.0,0.0,1.5,0.0,0.0,0.0,0.0,0.0,0.0,0.0,0.0,0.0,0.0,0.0,0.0,0.0,0.0,0.0,0.0,0.0,0.0,0.0,0.0,1,0.4917074823272397,0.5082925176727603,0.4917074823272397,0.49,very_short,False Positive
"As well, creativity stems from a sense of individuality.",0,Human,9.0,very_short,human_vs_ai_sentences,SentenceAI,,,,0.8979466763220793,0.49,1,False Positive,2.3025851,1.0,9.0,1.0,0.0,2.4193819,0.0,0.0,0.0,0.0,0.0,0.0,0.0,0.0,0.0,0.0,0.0,0.0,0.0,0.0,0.0,0.0,0.0,0.0,0.0,0.0,1,0.8912383034845625,0.10876169651543754,0.8912383034845625,0.49,very_short,False Positive
Due to increasing crime rates caused by the U.S. economy.,0,Human,10.0,very_short,human_vs_ai_sentences,SentenceAI,,,,0.5476580143445353,0.49,1,False Positive,2.3978953,3.0,3.3333333,1.0,0.0,2.7219281,0.0,0.0,0.0,0.0,0.0,0.0,0.0,1.0285189,0.1,0.0,0.0,0.0,0.0,0.0,0.0,0.0,0.0,0.0,0.0,0.0,1,0.5339639732989168,0.46603602670108324,0.5339639732989168,0.49,very_short,False Positive
"Cars, the pride and joy of many people.",0,Human,8.0,very_short,human_vs_ai_sentences,SentenceAI,,,,0.5870728103236031,0.49,1,False Positive,2.1972246,1.0,8.0,1.0,0.0,2.1556392,0.0,0.0,0.0,0.0,0.0,0.0,0.0,0.0,0.0,0.0,0.0,0.0,0.0,0.0,0.0,0.0,0.0,0.0,0.0,0.0,1,0.5733255906919822,0.4266744093080178,0.5733255906919822,0.49,very_short,False Positive
"It's outdated,unfair,and irrational.",0,Human,3.0,very_short,human_vs_ai_sentences,SentenceAI,,,,0.8626319551126759,0.49,1,False Positive,1.3862944,1.0,3.0,1.0,0.0,1.5849625,0.0,0.0,0.33333334,0.0,0.0,0.0,0.0,0.0,0.0,0.0,0.0,0.0,0.0,0.0,0.0,0.0,0.0,0.0,0.0,0.0,1,0.8543190826295322,0.14568091737046784,0.8543190826295322,0.49,very_short,False Positive
stewartlawoffices.,0,Human,1.0,very_short,human_vs_ai_sentences,SentenceAI,,,,0.5943818968689923,0.49,1,False Positive,0.6931472,1.0,1.0,1.0,0.0,0.0,0.0,0.0,0.0,0.0,0.0,0.0,0.0,0.0,0.0,0.0,0.0,0.0,0.0,0.0,0.0,0.0,0.0,0.0,0.0,0.0,1,0.580644617606717,0.41935538239328296,0.580644617606717,0.49,very_short,False Positive
We tend to believe in the 'juicy' filled drama.,0,Human,9.0,very_short,human_vs_ai_sentences,SentenceAI,,,,0.6266509832581739,0.49,1,False Positive,2.3025851,1.0,9.0,1.0,0.0,2.1971598,0.0,0.0,0.0,0.11111111,0.0,0.0,0.0,0.0,0.0,0.0,0.0,0.0,0.0,0.0,0.0,0.0,0.0,0.0,0.0,0.0,1,0.6130356023957788,0.3869643976042212,0.6130356023957788,0.49,very_short,False Positive
Time management is essential for a successful live.,0,Human,8.0,very_short,human_vs_ai_sentences,SentenceAI,,,,0.9437196323542072,0.49,1,False Positive,2.1972246,1.0,8.0,1.0,0.0,2.75,0.0,0.0,0.0,0.0,0.0,0.0,0.0,0.0,0.0,0.0,0.0,0.0,0.0,0.0,0.0,0.0,0.0,0.0,0.0,0.0,1,0.9395233060376424,0.06047669396235755,0.9395233060376424,0.49,very_short,False Positive
I don't like math.,0,Human,4.0,very_short,human_vs_ai_sentences,SentenceAI,,,,0.8892018830466991,0.49,1,False Positive,1.609438,1.0,4.0,1.0,0.0,1.5,0.0,0.0,0.25,0.25,0.0,0.0,0.0,0.0,0.0,0.0,0.0,0.0,0.0,0.0,0.0,0.0,0.0,0.0,0.0,0.0,1,0.882071608711477,0.11792839128852295,0.882071608711477,0.49,very_short,False Positive
there are many activities.,0,Human,4.0,very_short,human_vs_ai_sentences,SentenceAI,,,,0.7438031951420176,0.49,1,False Positive,1.609438,1.0,4.0,1.0,0.0,2.0,0.0,0.0,0.0,0.0,0.0,0.0,0.0,0.0,0.0,0.0,0.0,0.0,0.0,0.0,0.0,0.0,0.0,0.0,0.0,0.0,1,0.7317699846430299,0.2682300153569701,0.7317699846430299,0.49,very_short,False Positive
Why can't we?,0,Human,3.0,very_short,human_vs_ai_sentences,SentenceAI,,,,0.912120834610416,0.49,1,False Positive,1.3862944,1.0,3.0,1.0,0.0,0.91829586,0.0,0.0,0.33333334,0.33333334,0.33333334,0.0,0.0,0.0,0.0,0.0,0.0,0.0,0.0,0.0,0.0,0.0,0.0,0.0,0.0,0.0,1,0.9061336415153645,0.09386635848463554,0.9061336415153645,0.49,very_short,False Positive
Albert Einstein was a dropout and failed 3 grades.,0,Human,9.0,very_short,human_vs_ai_sentences,SentenceAI,,,,0.8620184468517912,0.49,1,False Positive,2.3025851,1.0,9.0,1.0,0.0,2.2810361,0.0,0.0,0.0,0.0,0.0,0.0,0.0,0.0,0.0,0.0,0.0,0.0,0.0,0.0,0.0,0.0,0.0,0.0,0.0,0.0,1,0.8536798777520879,0.14632012224791213,0.8536798777520879,0.49,very_short,False Positive
"Since I was thinking harder, I began to work harder.",0,Human,10.0,very_short,human_vs_ai_sentences,SentenceAI,,,,0.7325151970048546,0.49,1,False Positive,2.3978953,1.0,10.0,0.9,0.0,2.7219281,0.0,0.0,0.0,0.2,0.0,0.0,0.0,0.0,0.0,0.0,0.0,0.0,0.0,0.0,0.0,0.0,0.0,0.0,0.0,0.0,1,0.7202463855577977,0.27975361444220226,0.7202463855577977,0.49,very_short,False Positive
"Limiting car usage has several very influential advantages, such as increasing mental health, reducing air pollution, and eliminating problems associated with traffic.",0,Human,22.0,short,human_vs_ai_sentences,SentenceAI,,,,0.9865428066180983,0.53,1,False Positive,3.1354942,1.0,22.0,1.0,1.0,2.992856,0.0,0.0,0.0,0.0,0.0,0.0,0.0,0.0,0.0,0.0,0.0,0.0,0.0,0.0,0.0,0.0,0.0,0.0,0.0,0.0,1,0.9853190103079346,0.014680989692065438,0.9853190103079346,0.53,short,False Positive
Self-confidence is really important for people to feel good about their own selves.,0,Human,13.0,short,human_vs_ai_sentences,SentenceAI,,,,0.9887095003981874,0.53,1,False Positive,2.6390574,1.0,13.0,1.0,1.0,2.9312088,0.0,0.0,0.0,0.07692308,0.0,0.0,0.0,0.0,0.0,0.0,0.0,0.0,0.0,0.0,1.0,0.3,0.0,0.0,0.0,0.0,1,0.9876627994948955,0.012337200505104451,0.9876627994948955,0.53,short,False Positive
"In the popular vote system, the head of state and or government is elected by the majority of the nation.",0,Human,20.0,short,human_vs_ai_sentences,SentenceAI,,,,0.7986462000712933,0.53,1,False Positive,3.0445225,1.0,20.0,0.8,1.0,2.4659574,0.0,0.0,0.0,0.0,0.0,0.0,0.0,0.0,0.0,0.0,0.0,0.0,0.0,0.0,0.0,0.0,0.0,0.0,0.0,0.0,1,0.7880357560914383,0.21196424390856172,0.7880357560914383,0.53,short,False Positive
Even in rainy weather people participated just to help lower stress and air pollution.,0,Human,14.0,short,human_vs_ai_sentences,SentenceAI,,,,0.5684730048785279,0.53,1,False Positive,2.7080503,1.0,14.0,1.0,1.0,2.8962915,0.0,0.0,0.0,0.0,0.0,0.0,0.0,0.0,0.0,0.0,0.0,0.0,0.0,0.0,0.0,0.0,0.0,0.0,0.0,0.0,1,0.5547286923039816,0.4452713076960184,0.5547286923039816,0.53,short,False Positive
"In conclusion, student designed projects have many benefits that can help them succeed in life and improve oneself.",0,Human,18.0,short,human_vs_ai_sentences,SentenceAI,,,,0.784301567564301,0.53,1,False Positive,2.944439,1.0,18.0,0.9444444,1.0,2.3774438,0.0,0.055555556,0.0,0.055555556,0.0,0.0,0.0,0.0,0.0,0.0,0.0,0.0,0.0,0.0,0.0,0.0,0.0,0.0,0.0,0.0,1,0.7732730696062851,0.22672693039371494,0.7732730696062851,0.53,short,False Positive
"For example, when I use to play baseball, I could not hit the ball as far as my friends did.",0,Human,20.0,short,human_vs_ai_sentences,SentenceAI,,,,0.7839422601805951,0.53,1,False Positive,3.0445225,1.0,20.0,0.9,1.0,2.6464393,0.0,0.0,0.0,0.15,0.0,0.0,0.0,0.0,0.0,0.0,0.0,0.0,0.0,0.0,0.0,0.0,0.0,0.0,0.0,0.0,1,0.7729036491424063,0.22709635085759372,0.7729036491424063,0.53,short,False Positive
Both of them said that they liked the blue tie and that it looked good on him.,0,Human,17.0,short,human_vs_ai_sentences,SentenceAI,,,,0.5580059879541095,0.53,1,False Positive,2.8903718,1.0,17.0,0.9411765,1.0,1.8498688,0.0,0.0,0.0,0.11764706,0.0,0.0,0.0,0.0,0.0,0.0,0.0,0.0,0.0,0.0,0.0,0.0,0.0,0.0,0.0,0.0,1,0.5442807550699039,0.4557192449300961,0.5442807550699039,0.53,short,False Positive
"During training, we are listening to music while we help each other out with the workouts we are supposed to do.",0,Human,21.0,short,human_vs_ai_sentences,SentenceAI,,,,0.7189937411304974,0.53,1,False Positive,3.0910425,1.0,21.0,0.8095238,1.0,2.6433148,0.0,0.0,0.0,0.14285715,0.0,0.0,0.0,0.0,0.0,0.0,0.0,0.0,0.0,0.0,0.0,0.0,0.008928572,0.0,0.0,0.0,1,0.7064669561665555,0.2935330438334445,0.7064669561665555,0.53,short,False Positive
"Another issue is that sometimes in a close election, the popular vote winner could lose the presidency.",0,Human,17.0,short,human_vs_ai_sentences,SentenceAI,,,,0.8210821456202897,0.53,1,False Positive,2.8903718,1.0,17.0,0.9411765,1.0,3.057476,0.0,0.0,0.0,0.0,0.0,0.0,0.0,0.0,0.0,0.0,0.0,0.0,0.0,0.0,0.0,0.0,0.0,0.0,0.0,0.0,1,0.8111944240105701,0.18880557598942993,0.8111944240105701,0.53,short,False Positive
"The decrease in car commuting may find reason in the recession, and it may become a new habit.",0,Human,18.0,short,human_vs_ai_sentences,SentenceAI,,,,0.7864617414900749,0.53,1,False Positive,2.944439,1.0,18.0,0.8333333,1.0,2.549855,0.0,0.0,0.0,0.0,0.0,0.0,0.0,0.0,0.0,0.0,0.0,0.0,0.0,0.0,0.0,0.0,0.0,0.0,0.0,0.0,1,0.7754940898872271,0.22450591011277288,0.7754940898872271,0.53,short,False Positive
"For example, a cook is trying to do new dishes from differents cultures.",0,Human,13.0,short,human_vs_ai_sentences,SentenceAI,,,,0.6549078827980392,0.53,1,False Positive,2.6390574,1.0,13.0,1.0,1.0,2.8731406,0.0,0.0,0.0,0.0,0.0,0.0,0.0,0.0,0.0,0.0,0.0,0.0,0.0,0.0,0.0,0.0,0.0,0.0,0.0,0.0,1,0.6415059557415754,0.35849404425842457,0.6415059557415754,0.53,short,False Positive
But that tradition stopped when he got too old to play and I started to have more frequent basketball practice and training.,0,Human,22.0,short,human_vs_ai_sentences,SentenceAI,,,,0.8219701521165674,0.53,1,False Positive,3.1354942,1.0,22.0,0.90909094,1.0,2.7378724,0.0,0.0,0.0,0.045454547,0.0,0.0,0.0,0.0,0.0,0.0,0.0,0.0,0.0,0.0,0.0,0.0,0.0,0.0,0.0,0.0,1,0.8121128108731546,0.18788718912684543,0.8121128108731546,0.53,short,False Positive
"And while it is near voting times, I believed it's best for me to send you my side on this continuous debate to change your mind on the matter.",0,Human,29.0,short,human_vs_ai_sentences,SentenceAI,,,,0.7393728851061425,0.53,1,False Positive,3.4011974,1.0,29.0,0.9310345,1.0,2.6510844,0.0,0.0,0.03448276,0.1724138,0.0,0.0,0.0,0.0,0.0,0.0,0.0,0.0,0.0,0.0,0.0,0.0,0.0,0.0,0.0,0.0,1,0.7272448502934391,0.2727551497065609,0.7272448502934391,0.53,short,False Positive
"In addition, another problem that arises due to the Electoral College is that people may feel disencouraged to vote.",0,Human,19.0,short,human_vs_ai_sentences,SentenceAI,,,,0.9186937483246136,0.53,1,False Positive,2.9957323,1.0,19.0,0.8947368,1.0,2.8655767,0.0,0.05263158,0.0,0.0,0.0,0.0,0.0,0.0,0.0,0.0,0.0,0.0,0.0,0.0,0.0,0.0,0.0,0.0,0.0,0.0,1,0.9130572253492758,0.0869427746507242,0.9130572253492758,0.53,short,False Positive
"Pollution, Economy, and people's health are all a factor to limiting car usuage.",0,Human,13.0,short,human_vs_ai_sentences,SentenceAI,,,,0.6334842807976637,0.53,1,False Positive,2.6390574,1.0,13.0,1.0,1.0,2.5654483,0.0,0.0,0.0,0.0,0.0,0.0,0.0,0.0,0.0,0.0,0.0,0.0,0.0,0.0,0.0,0.0,0.0,0.0,0.0,0.0,1,0.619911208489884,0.380088791510116,0.619911208489884,0.53,short,False Positive
Students must feel as though they are in a calming environment in order to work efficiently.,0,Human,16.0,short,human_vs_ai_sentences,SentenceAI,,,,0.679180676568158,0.53,1,False Positive,2.8332133,1.0,16.0,0.9375,1.0,3.0,0.0,0.0,0.0,0.0625,0.0,0.0,0.0,0.0,0.0,0.0,0.0,0.0,0.0,0.0,0.0,0.0,0.0,0.0,0.0,0.0,1,0.6660447649484901,0.3339552350515099,0.6660447649484901,0.53,short,False Positive
"Also, if the student maintains a C or lower average, and they're in a tutoring session, I don't think it's fair that they're not allowed to participate in gym or other activities.",0,Human,32.0,medium,human_vs_ai_sentences,SentenceAI,,,,0.9321078065684107,0.64,1,False Positive,3.4965076,1.0,32.0,0.875,2.0,3.0428379,0.0,0.0,0.125,0.09375,0.0,0.0,0.0,0.0,0.0,0.0,0.0,0.0,0.0,0.0,0.0,0.0,0.0,0.0,0.0,0.0,1,0.9272215798334796,0.07277842016652036,0.9272215798334796,0.64,medium,False Positive
"""It's a good oppurtunity to take away stress and lower air pollution"" said a business man with the name of Carlos Arturo Plaza, as time has gone on other cities including Cali and Valleduar have participated in the event.",0,Human,39.0,medium,human_vs_ai_sentences,SentenceAI,,,,0.7079376310707042,0.64,1,False Positive,3.6888795,1.0,39.0,0.9230769,2.0,3.0098877,0.0,0.0,0.025641026,0.0,0.0,0.0,0.0,0.0,0.0,0.025641026,0.0,0.0,0.0,0.0,0.0,0.0,0.0,0.0,0.0,0.0,1,0.6952198263056656,0.3047801736943344,0.6952198263056656,0.64,medium,False Positive
What do you think?,1,AI,4.0,very_short,human_vs_ai_sentences,SentenceAI,,,,0.0796518553915758,0.49,0,False Negative,1.609438,1.0,4.0,1.0,0.0,2.0,0.0,0.0,0.0,0.25,0.25,0.0,0.0,0.0,0.0,0.0,0.0,0.0,0.0,0.0,0.0,0.0,0.0,0.0,0.0,0.0,0,0.07720593798814393,0.9227940620118561,0.9227940620118561,0.49,very_short,False Negative
No thanks.,1,AI,2.0,very_short,human_vs_ai_sentences,SentenceAI,,,,0.3516580925784688,0.49,0,False Negative,1.0986123,1.0,2.0,1.0,0.0,1.0,0.0,0.0,0.0,0.0,0.0,0.0,0.0,0.0,0.0,0.0,0.0,0.0,0.0,0.0,0.0,0.0,0.0,0.0,0.0,0.0,0,0.34064527516073656,0.6593547248392635,0.6593547248392635,0.49,very_short,False Negative
Summer Vacation vs.,1,AI,3.0,very_short,human_vs_ai_sentences,SentenceAI,,,,0.4031442074237227,0.49,0,False Negative,1.3862944,1.0,3.0,1.0,0.0,1.5849625,0.0,0.0,0.0,0.0,0.0,0.0,0.0,0.0,0.0,0.0,0.0,0.0,0.0,0.0,0.0,0.0,0.0,0.0,0.0,0.0,0,0.3910701843892457,0.6089298156107543,0.6089298156107543,0.49,very_short,False Negative
Our lives would be so boring and predictable.,1,AI,8.0,very_short,human_vs_ai_sentences,SentenceAI,,,,0.1901297589181707,0.49,0,False Negative,2.1972246,1.0,8.0,1.0,0.0,2.25,0.0,0.0,0.0,0.125,0.0,0.0,0.0,0.0,0.0,0.0,0.0,0.0,0.0,0.0,0.0,0.0,0.0,0.0,0.0,0.0,0,0.1837614048235146,0.8162385951764854,0.8162385951764854,0.49,very_short,False Negative
"Meat, its something we all love to eat.",1,AI,8.0,very_short,human_vs_ai_sentences,SentenceAI,,,,0.1139713022197169,0.49,0,False Negative,2.1972246,1.0,8.0,1.0,0.0,2.25,0.0,0.0,0.0,0.125,0.0,0.0,0.0,0.0,0.0,0.0,0.0,0.0,0.0,0.0,0.0,0.0,0.0,0.0,0.0,0.0,0,0.11028364833308482,0.8897163516669152,0.8897163516669152,0.49,very_short,False Negative
Take for example a student struggling in a science class.,1,AI,10.0,very_short,human_vs_ai_sentences,SentenceAI,,,,0.130724631860622,0.49,0,False Negative,2.3978953,1.0,10.0,0.9,0.0,2.6464393,0.0,0.0,0.0,0.0,0.0,0.0,0.0,0.0,0.0,0.0,0.0,0.0,0.0,0.0,0.0,0.0,0.0,0.0,0.0,0.0,0,0.12643301659470446,0.8735669834052955,0.8735669834052955,0.49,very_short,False Negative
"Next up, let's look at the shape of the Face.",1,AI,10.0,very_short,human_vs_ai_sentences,SentenceAI,,,,0.2864964716819383,0.49,0,False Negative,2.3978953,1.0,10.0,0.9,0.0,1.9709506,0.0,0.0,0.1,0.0,0.0,0.0,0.0,0.0,0.0,0.0,0.0,0.0,0.0,0.0,0.0,0.0,0.0,0.0,0.0,0.0,0,0.2771391707281763,0.7228608292718237,0.7228608292718237,0.49,very_short,False Negative
"But now we have cars, buses, trains, and planes!",1,AI,9.0,very_short,human_vs_ai_sentences,SentenceAI,,,,0.259385193158009,0.49,0,False Negative,2.3025851,1.0,9.0,1.0,0.0,2.4193819,0.0,0.0,0.0,0.11111111,0.0,0.11111111,0.0,0.0,0.0,0.0,0.0,0.0,0.0,0.0,0.0,0.0,0.0,0.0,0.0,0.0,0,0.25080990974024664,0.7491900902597534,0.7491900902597534,0.49,very_short,False Negative
One way is to walk or bike instead of driving.,1,AI,10.0,very_short,human_vs_ai_sentences,SentenceAI,,,,0.3713526800870219,0.49,0,False Negative,2.3978953,1.0,10.0,1.0,0.0,2.121928,0.0,0.0,0.0,0.0,0.0,0.0,0.0,0.0,0.0,0.0,0.0,0.0,0.0,0.0,0.0,0.0,0.0,0.0,0.0,0.0,0,0.3599060777804265,0.6400939222195735,0.6400939222195735,0.49,very_short,False Negative
This gave me a better idea of which option would be better for me in the long run.,1,AI,18.0,short,human_vs_ai_sentences,SentenceAI,,,,0.1309513261009919,0.53,0,False Negative,2.944439,1.0,18.0,0.8888889,1.0,2.3935823,0.0,0.0,0.0,0.11111111,0.0,0.0,0.0,0.0,0.0,0.0,0.055555556,0.0,0.0,0.0,0.0,0.1388889,0.0,0.0,0.0,0.0,0,0.12665155863338845,0.8733484413666115,0.8733484413666115,0.53,short,False Negative
"These methods of transportation are much more efficient than driving, and they are more environmentally friendly than driving.",1,AI,18.0,short,human_vs_ai_sentences,SentenceAI,,,,0.2466576418116257,0.53,0,False Negative,2.944439,1.0,18.0,0.8333333,1.0,2.77995,0.0,0.0,0.0,0.055555556,0.0,0.0,0.0,0.0,0.0,0.0,0.0,0.0,0.0,0.0,0.0,0.0,0.0,0.0,0.0,0.0,0,0.2384663682146955,0.7615336317853045,0.7615336317853045,0.53,short,False Negative
The residents have reported feeling happier and less stressed without owning a car.,1,AI,13.0,short,human_vs_ai_sentences,SentenceAI,,,,0.4667231130926392,0.53,0,False Negative,2.6390574,1.0,13.0,1.0,1.0,2.6612263,0.0,0.0,0.0,0.0,0.0,0.0,0.0,0.0,0.0,0.0,0.0,0.0,0.0,0.0,0.0,0.0,0.0,0.0,0.0,0.0,0,0.45367520914028975,0.5463247908597102,0.5463247908597102,0.53,short,False Negative
"This gives Wyoming more electoral votes per capita than California, even though California has far more people.",1,AI,17.0,short,human_vs_ai_sentences,SentenceAI,,,,0.189737710298818,0.53,0,False Negative,2.8903718,1.0,17.0,0.9411765,1.0,2.7719023,0.0,0.0,0.0,0.0,0.0,0.0,0.0,0.0,0.0,0.0,0.0,0.0,0.0,0.0,0.0,0.0,0.0,0.0,0.0,0.0,0,0.18338249939457588,0.8166175006054242,0.8166175006054242,0.53,short,False Negative
"On the other hand, I know people who waited until later in life to choose their career and are now doing something they love.",1,AI,24.0,short,human_vs_ai_sentences,SentenceAI,,,,0.5360463464766791,0.53,1,Correct,3.218876,1.0,24.0,1.0,1.0,2.5528417,0.0,0.041666668,0.0,0.125,0.0,0.0,0.0,0.0,0.0,0.0,0.0,0.0,0.0,0.0,0.0,0.0,0.0,0.0,0.0,0.0,0,0.5224016048369868,0.47759839516301317,0.47759839516301317,0.53,short,False Negative
Their idealism led to discoveries that changed the world and advanced human knowledge.,1,AI,13.0,short,human_vs_ai_sentences,SentenceAI,,,,0.3672380117829963,0.53,0,False Negative,2.6390574,1.0,13.0,1.0,1.0,2.8150723,0.0,0.0,0.0,0.07692308,0.0,0.0,0.0,0.0,0.0,0.0,0.0,0.0,0.0,0.0,0.0,0.0,0.0,0.0,0.0,0.0,0,0.35587942539381334,0.6441205746061867,0.6441205746061867,0.53,short,False Negative
"They should not take everything at face value, and they should always do their research before making a purchase.",1,AI,19.0,short,human_vs_ai_sentences,SentenceAI,,,,0.0149708088256498,0.53,0,False Negative,2.9957323,1.0,19.0,0.8947368,1.0,2.8000445,0.0,0.0,0.0,0.15789473,0.0,0.0,0.0,0.0,0.0,0.0,0.0,0.0,0.0,0.0,0.0,0.0,0.0,0.0,0.0,0.0,0,0.014681631386437756,0.9853183686135623,0.9853183686135623,0.53,short,False Negative
Poverty is perhaps the most prominent issue that humanity continues to struggle with.,1,AI,13.0,short,human_vs_ai_sentences,SentenceAI,,,,0.5372920019582376,0.53,1,Correct,2.6390574,1.0,13.0,1.0,1.0,2.7773628,0.0,0.0,0.0,0.0,0.0,0.0,0.0,0.0,0.0,0.0,0.0,0.0,0.0,0.0,0.0,0.0,0.0,0.0,0.0,0.0,0,0.5236412858053788,0.47635871419462117,0.47635871419462117,0.53,short,False Negative
"Don't try to be someone you're not, because the interviewer will probably find out.",1,AI,14.0,short,human_vs_ai_sentences,SentenceAI,,,,0.3303338035186745,0.53,0,False Negative,2.7080503,1.0,14.0,1.0,1.0,2.807355,0.0,0.0,0.14285715,0.071428575,0.0,0.0,0.0,0.0,0.0,0.0,0.0,0.0,0.0,0.0,0.0,0.0,0.0,0.0,0.0,0.0,0,0.31982542392839597,0.680174576071604,0.680174576071604,0.53,short,False Negative
Body Paragraph 3: The third reason why the Face is a natural landform is that it has been studied by scientists for many years.,1,AI,24.0,short,human_vs_ai_sentences,SentenceAI,,,,0.0463048915456572,0.53,0,False Negative,3.218876,1.0,24.0,0.9166667,1.0,2.9670908,0.0,0.0,0.0,0.0,0.0,0.0,0.0,0.0,0.0,0.0,0.0,0.0,0.0,0.0,0.0,0.0,0.0,0.0,0.0,0.0,0,0.045033330598860805,0.9549666694011392,0.9549666694011392,0.53,short,False Negative
Another way the author supports the idea that studying Venus is a worthy pursuit is by discussing the technological challenges that must be overcome.,1,AI,24.0,short,human_vs_ai_sentences,SentenceAI,,,,0.2289536017722045,0.53,0,False Negative,3.218876,1.0,24.0,0.8333333,1.0,3.251629,0.0,0.0,0.0,0.0,0.0,0.0,0.0,0.0,0.0,0.0,0.0,0.0,0.0,0.0,0.0,0.0,0.0,0.0,0.0,0.0,0,0.2213135354093703,0.7786864645906297,0.7786864645906297,0.53,short,False Negative
"The brainpower used to converse or listen can still take the place of, and delay, reactions needed for safe vehicle operation.",1,AI,21.0,short,human_vs_ai_sentences,SentenceAI,,,,0.1158080065660398,0.53,0,False Negative,3.0910425,1.0,21.0,0.95238096,1.0,2.915196,0.0,0.0,0.0,0.0,0.0,0.0,0.0,0.0,0.0,0.0,0.0,0.0,0.0,0.0,0.0,0.0,0.0,0.0,0.0,0.0,0,0.11205399761288484,0.8879460023871152,0.8879460023871152,0.53,short,False Negative
"Some of these advertisements are misleading, making the product seem much better than it really is.",1,AI,16.0,short,human_vs_ai_sentences,SentenceAI,,,,0.2369726882375722,0.53,0,False Negative,2.8332133,1.0,16.0,1.0,1.0,2.7806392,0.0,0.0,0.0,0.0,0.0,0.0,0.0,0.0,0.0,0.0,0.0,0.0,0.0,0.0,0.0,0.0,0.0,0.0,0.0,0.0,0,0.22908043059071653,0.7709195694092834,0.7709195694092834,0.53,short,False Negative
"This is because Wyoming has only three electoral votes, while California has 55.",1,AI,13.0,short,human_vs_ai_sentences,SentenceAI,,,,0.1728083089908029,0.53,0,False Negative,2.6390574,1.0,13.0,0.9230769,1.0,2.8731406,0.0,0.0,0.0,0.0,0.0,0.0,0.0,0.0,0.0,0.0,0.0,0.0,0.0,0.0,0.0,0.0,0.0,0.0,0.0,0.0,0,0.1670315951132741,0.8329684048867259,0.8329684048867259,0.53,short,False Negative
"By presenting a well-rounded argument, the author makes a strong case for the importance of exploring Venus.",1,AI,17.0,short,human_vs_ai_sentences,SentenceAI,,,,0.2482320887478165,0.53,0,False Negative,2.8903718,1.0,17.0,0.88235295,1.0,3.057476,0.0,0.0,0.0,0.0,0.0,0.0,0.0,0.0,0.0,0.0,0.0,0.0,0.0,0.0,1.0,0.3,0.0,0.0,0.0,0.0,0,0.23999245319658352,0.7600075468034164,0.7600075468034164,0.53,short,False Negative
"Not only did the student misspell words during his presentation, but he was not able to recall important details from his past experiences.",1,AI,23.0,short,human_vs_ai_sentences,SentenceAI,,,,0.4831877889056155,0.53,0,False Negative,3.1780539,1.0,23.0,0.9130435,1.0,2.871388,0.0,0.0,0.0,0.0,0.0,0.0,0.0,0.0,0.0,0.0,0.0,0.0,0.0,0.0,1.0,0.3,0.0,0.0,0.0,0.0,0,0.4699526753742837,0.5300473246257162,0.5300473246257162,0.53,short,False Negative
"This means that once they are used, they will remain in our environment for a very long time, causing harm to animals and humans alike.",1,AI,25.0,short,human_vs_ai_sentences,SentenceAI,,,,0.2806525984594614,0.53,0,False Negative,3.2580965,1.0,25.0,0.96,1.0,2.6422923,0.0,0.0,0.0,0.12,0.0,0.0,0.0,0.0,0.0,0.0,0.0,0.0,0.0,0.0,0.0,0.0,0.0,0.0,0.0,0.0,0,0.27145942079075197,0.7285405792092481,0.7285405792092481,0.53,short,False Negative
"[Introduction]
In the article ""The Challenge of Exploring Venus"", the author suggests that studying Venus is a worthy pursuit, despite the dangers that it presents.",1,AI,25.0,short,human_vs_ai_sentences,SentenceAI,,,,0.1905304979860587,0.53,0,False Negative,3.2580965,1.0,25.0,0.88,1.0,3.1630743,0.0,0.0,0.0,0.0,0.0,0.0,0.0,0.0,0.0,0.08,0.0,0.0,0.0,0.0,0.0,0.0,0.0,0.0,0.0,0.0,0,0.18414854753979948,0.8158514524602005,0.8158514524602005,0.53,short,False Negative
"In conclusion, I think that using the Facial Action Coding System in a classroom could be very useful if implemented correctly.",1,AI,21.0,short,human_vs_ai_sentences,SentenceAI,,,,0.2130359453271647,0.53,0,False Negative,3.0910425,1.0,21.0,0.95238096,1.0,2.9463875,0.0,0.04761905,0.0,0.04761905,0.0,0.0,0.0,0.0,0.0,0.0,0.0,0.0,0.0,0.0,0.0,0.0,0.0,0.0,0.0,0.0,0,0.2059074534183556,0.7940925465816444,0.7940925465816444,0.53,short,False Negative
My essay will be about a situation two years ago when I was a junior in high school.,1,AI,18.0,short,human_vs_ai_sentences,SentenceAI,,,,0.1694319877876594,0.53,0,False Negative,2.944439,1.0,18.0,0.9444444,1.0,2.849123,0.0,0.0,0.0,0.11111111,0.0,0.0,0.0,0.0,0.0,0.0,0.0,0.0,0.0,0.0,0.0,0.0,0.0,0.0,0.0,0.0,0,0.16377198563103315,0.8362280143689669,0.8362280143689669,0.53,short,False Negative
"So, I decided to do some research and talk to my counselor to see what's what.",1,AI,16.0,short,human_vs_ai_sentences,SentenceAI,,,,0.1132466037702237,0.53,0,False Negative,2.8332133,1.0,16.0,0.875,1.0,2.852217,0.0,0.0,0.0625,0.125,0.0,0.0,0.0,0.0,0.0,0.0,0.0,0.0,0.0,0.0,0.0,0.0,0.0,0.0,0.0,0.0,0,0.10958531172584295,0.890414688274157,0.890414688274157,0.53,short,False Negative
"Not only would this help students become more engaged citizens, but it would also create an avenue of connection between students of different backgrounds.",1,AI,24.0,short,human_vs_ai_sentences,SentenceAI,,,,0.3904728431017035,0.53,0,False Negative,3.218876,1.0,24.0,0.875,1.0,3.1531072,0.0,0.0,0.0,0.0,0.0,0.0,0.0,0.0,0.0,0.0,0.0,0.0,0.0,0.0,0.0,0.0,0.0,0.0,0.0,0.0,0,0.3786381660402817,0.6213618339597182,0.6213618339597182,0.53,short,False Negative
Crafts can also be rapidly placed into stable orbits to minimize exposure.,1,AI,12.0,short,human_vs_ai_sentences,SentenceAI,,,,0.2752970477254157,0.53,0,False Negative,2.5649493,1.0,12.0,1.0,1.0,2.5849626,0.0,0.0,0.0,0.0,0.0,0.0,0.0,0.0,0.0,0.0,0.0,0.0,0.0,0.0,0.0,0.0,0.0,0.0,0.0,0.0,0,0.266256697669398,0.7337433023306019,0.7337433023306019,0.53,short,False Negative
"So, you know how we've been talking about extending the student release time at our school?",1,AI,16.0,short,human_vs_ai_sentences,SentenceAI,,,,0.3146129492675056,0.53,0,False Negative,2.8332133,1.0,16.0,1.0,1.0,2.352217,0.0,0.0,0.0625,0.1875,0.0625,0.0,0.0,0.0,0.0,0.0,0.0,0.0,0.0,0.0,0.0,0.0,0.0,0.0,0.0,0.0,0,0.3045008254624998,0.6954991745375002,0.6954991745375002,0.53,short,False Negative
"When drafting an outline, take note of the key arguments of why using a writing checklist is beneficial.",1,AI,18.0,short,human_vs_ai_sentences,SentenceAI,,,,0.5349949623368502,0.53,1,Correct,2.944439,1.0,18.0,0.9444444,1.0,2.9749374,0.0,0.0,0.0,0.0,0.0,0.0,0.0,0.0,0.0,0.0,0.0,0.0,0.0,0.0,0.0,0.0,0.0,0.0,0.0,0.0,0,0.5213554567712807,0.4786445432287193,0.4786445432287193,0.53,short,False Negative
The unpredictability of desert weather adds to this adventure - temperatures can fluctuate drastically between day and night while strong winds can cause sand dunes to move around at any moment creating unique scenes each time you look out into the horizon.,1,AI,42.0,medium,human_vs_ai_sentences,SentenceAI,,,,0.5473031625964249,0.64,0,False Negative,3.7612002,1.0,42.0,0.9285714,2.0,3.1625855,0.0,0.0,0.0,0.023809524,0.0,0.0,0.0,0.0,0.0,0.0,0.0,0.0,0.0,0.0,0.0,0.0,0.0,0.0,0.0,0.0,0,0.5336103837016205,0.4663896162983795,0.4663896162983795,0.64,medium,False Negative
These types of games put players in precarious situations where they must fight off hordes of monsters or otherwise survive deadly environments while trying to figure out mysteries within a story-driven plotline.,1,AI,32.0,medium,human_vs_ai_sentences,SentenceAI,,,,0.4080273688899244,0.64,0,False Negative,3.4965076,1.0,32.0,0.96875,2.0,3.2425365,0.0,0.0,0.0,0.03125,0.0,0.0,0.0,0.0,0.0,0.0,0.0,0.0,0.0,0.0,0.0,0.0,0.0,0.0,0.0,0.0,0,0.3958649890444903,0.6041350109555097,0.6041350109555097,0.64,medium,False Negative
The Electoral College was created in 1787 as a compromise between those who wanted the president to be elected by Congress and those who wanted the president to be elected by a popular vote of the people.,1,AI,37.0,medium,human_vs_ai_sentences,SentenceAI,,,,0.5209828923041722,0.64,0,False Negative,3.637586,1.0,37.0,0.6756757,2.0,2.913894,0.2,0.0,0.0,0.0,0.0,0.0,0.0,0.0,0.0,0.0,0.0,0.0,0.0,0.0,0.0,0.0,0.0,0.0,0.0,0.0,0,0.5074244413529226,0.49257555864707736,0.49257555864707736,0.64,medium,False Negative
"In Elisabeth Rosenthal's article ""The End of Car Culture,"" she highlights the decrease in car ownership, fewer miles driven, and a decline in the number of licenses being acquired in the United States.",1,AI,33.0,medium,human_vs_ai_sentences,SentenceAI,,,,0.3866083872348996,0.64,0,False Negative,3.5263605,1.0,33.0,0.7878788,2.0,3.1347108,0.0,0.0,0.0,0.0,0.0,0.0,0.0,0.0,0.0,0.030303031,0.0,0.0,0.0,0.0,0.0,0.0,0.0,0.0,0.0,0.0,0,0.374849486454092,0.625150513545908,0.625150513545908,0.64,medium,False Negative
