video_id,filename,label,label_name,face_detected_frames,real_prob,fake_prob,confidence,prediction,predicted_label,is_correct,error_category
id9_id4_0006,id9_id4_0006.mp4,0,fake,8,0.165,0.835,0.165,1,Real,False,False Positive (Fake -> Real)
id53_id55_0006,id53_id55_0006.mp4,0,fake,8,0.2434,0.7566,0.2434,1,Real,False,False Positive (Fake -> Real)
id22_id25_0006,id22_id25_0006.mp4,0,fake,8,0.5679,0.4321,0.5679,1,Real,False,False Positive (Fake -> Real)
id23_0004,id23_0004.mp4,1,real,8,0.0877,0.9123,0.9123,0,Fake,False,False Negative (Real -> Fake)
id22_id19_0001,id22_id19_0001.mp4,0,fake,8,0.4608,0.5392,0.4608,1,Real,False,False Positive (Fake -> Real)
id25_id23_0000,id25_id23_0000.mp4,0,fake,8,0.287,0.713,0.287,1,Real,False,False Positive (Fake -> Real)
id42_id46_0000,id42_id46_0000.mp4,0,fake,8,0.1752,0.8248,0.1752,1,Real,False,False Positive (Fake -> Real)
id23_id2_0003,id23_id2_0003.mp4,0,fake,8,0.3533,0.6467,0.3533,1,Real,False,False Positive (Fake -> Real)
id35_id16_0009,id35_id16_0009.mp4,0,fake,7,0.2217,0.7783,0.2217,1,Real,False,False Positive (Fake -> Real)
id26_0002,id26_0002.mp4,1,real,8,0.0398,0.9602,0.9602,0,Fake,False,False Negative (Real -> Fake)
id53_0004,id53_0004.mp4,1,real,8,0.1395,0.8605,0.8605,0,Fake,False,False Negative (Real -> Fake)
id54_0004,id54_0004.mp4,1,real,8,0.0778,0.9222,0.9222,0,Fake,False,False Negative (Real -> Fake)
id43_id40_0008,id43_id40_0008.mp4,0,fake,8,0.1801,0.8199,0.1801,1,Real,False,False Positive (Fake -> Real)
id40_id39_0006,id40_id39_0006.mp4,0,fake,8,0.2792,0.7208,0.2792,1,Real,False,False Positive (Fake -> Real)
id56_id55_0005,id56_id55_0005.mp4,0,fake,8,0.2638,0.7362,0.2638,1,Real,False,False Positive (Fake -> Real)
id10_id7_0006,id10_id7_0006.mp4,0,fake,8,0.6634,0.3366,0.6634,1,Real,False,False Positive (Fake -> Real)
id33_0003,id33_0003.mp4,1,real,8,0.0556,0.9444,0.9444,0,Fake,False,False Negative (Real -> Fake)
id44_0004,id44_0004.mp4,1,real,8,0.0745,0.9255,0.9255,0,Fake,False,False Negative (Real -> Fake)
id8_id7_0008,id8_id7_0008.mp4,0,fake,8,0.3294,0.6706,0.3294,1,Real,False,False Positive (Fake -> Real)
id13_0006,id13_0006.mp4,1,real,8,0.0477,0.9523,0.9523,0,Fake,False,False Negative (Real -> Fake)
id27_0004,id27_0004.mp4,1,real,8,0.0432,0.9568,0.9568,0,Fake,False,False Negative (Real -> Fake)
id55_0001,id55_0001.mp4,1,real,8,0.0859,0.9141,0.9141,0,Fake,False,False Negative (Real -> Fake)
id33_0001,id33_0001.mp4,1,real,8,0.0431,0.9569,0.9569,0,Fake,False,False Negative (Real -> Fake)
id50_id54_0000,id50_id54_0000.mp4,0,fake,8,0.1627,0.8373,0.1627,1,Real,False,False Positive (Fake -> Real)
id50_id57_0002,id50_id57_0002.mp4,0,fake,8,0.226,0.774,0.226,1,Real,False,False Positive (Fake -> Real)
id7_id13_0001,id7_id13_0001.mp4,0,fake,8,0.1564,0.8436,0.1564,1,Real,False,False Positive (Fake -> Real)
id24_id28_0008,id24_id28_0008.mp4,0,fake,8,0.4215,0.5785,0.4215,1,Real,False,False Positive (Fake -> Real)
id57_id54_0000,id57_id54_0000.mp4,0,fake,8,0.1992,0.8008,0.1992,1,Real,False,False Positive (Fake -> Real)
id57_0000,id57_0000.mp4,1,real,8,0.0743,0.9257,0.9257,0,Fake,False,False Negative (Real -> Fake)
id9_id1_0006,id9_id1_0006.mp4,0,fake,8,0.2752,0.7248,0.2752,1,Real,False,False Positive (Fake -> Real)
id48_0004,id48_0004.mp4,1,real,8,0.0361,0.9639,0.9639,0,Fake,False,False Negative (Real -> Fake)
id57_id55_0006,id57_id55_0006.mp4,0,fake,8,0.2032,0.7968,0.2032,1,Real,False,False Positive (Fake -> Real)
id49_0002,id49_0002.mp4,1,real,8,0.109,0.891,0.891,0,Fake,False,False Negative (Real -> Fake)
id20_id22_0003,id20_id22_0003.mp4,0,fake,8,0.2705,0.7295,0.2705,1,Real,False,False Positive (Fake -> Real)
id41_id48_0005,id41_id48_0005.mp4,0,fake,8,0.262,0.738,0.262,1,Real,False,False Positive (Fake -> Real)
id16_id1_0005,id16_id1_0005.mp4,0,fake,8,0.1547,0.8453,0.1547,1,Real,False,False Positive (Fake -> Real)
id13_id7_0005,id13_id7_0005.mp4,0,fake,8,0.2467,0.7533,0.2467,1,Real,False,False Positive (Fake -> Real)
id48_id47_0001,id48_id47_0001.mp4,0,fake,8,0.3765,0.6235,0.3765,1,Real,False,False Positive (Fake -> Real)
id31_id3_0009,id31_id3_0009.mp4,0,fake,8,0.1688,0.8312,0.1688,1,Real,False,False Positive (Fake -> Real)
id24_id23_0002,id24_id23_0002.mp4,0,fake,8,0.1676,0.8324,0.1676,1,Real,False,False Positive (Fake -> Real)
id57_0008,id57_0008.mp4,1,real,8,0.0937,0.9063,0.9063,0,Fake,False,False Negative (Real -> Fake)
id0_0006,id0_0006.mp4,1,real,8,0.0719,0.9281,0.9281,0,Fake,False,False Negative (Real -> Fake)
id0_id28_0000,id0_id28_0000.mp4,0,fake,8,0.2803,0.7197,0.2803,1,Real,False,False Positive (Fake -> Real)
id47_id44_0005,id47_id44_0005.mp4,0,fake,8,0.2998,0.7002,0.2998,1,Real,False,False Positive (Fake -> Real)
id59_id5_0002,id59_id5_0002.mp4,0,fake,8,0.5821,0.4179,0.5821,1,Real,False,False Positive (Fake -> Real)
id35_0006,id35_0006.mp4,1,real,8,0.0999,0.9001,0.9001,0,Fake,False,False Negative (Real -> Fake)
id42_id46_0001,id42_id46_0001.mp4,0,fake,8,0.2384,0.7616,0.2384,1,Real,False,False Positive (Fake -> Real)
id0_id6_0000,id0_id6_0000.mp4,0,fake,8,0.2288,0.7712,0.2288,1,Real,False,False Positive (Fake -> Real)
id46_id42_0004,id46_id42_0004.mp4,0,fake,8,0.2032,0.7968,0.2032,1,Real,False,False Positive (Fake -> Real)
id31_id17_0007,id31_id17_0007.mp4,0,fake,8,0.1511,0.8489,0.1511,1,Real,False,False Positive (Fake -> Real)
id11_id7_0010,id11_id7_0010.mp4,0,fake,8,0.1634,0.8366,0.1634,1,Real,False,False Positive (Fake -> Real)
id34_id28_0003,id34_id28_0003.mp4,0,fake,8,0.1732,0.8268,0.1732,1,Real,False,False Positive (Fake -> Real)
id1_id9_0001,id1_id9_0001.mp4,0,fake,8,0.1614,0.8386,0.1614,1,Real,False,False Positive (Fake -> Real)
id55_id52_0009,id55_id52_0009.mp4,0,fake,8,0.2571,0.7429,0.2571,1,Real,False,False Positive (Fake -> Real)
00053,00053.mp4,1,real,8,0.0833,0.9167,0.9167,0,Fake,False,False Negative (Real -> Fake)
id44_id45_0002,id44_id45_0002.mp4,0,fake,8,0.1506,0.8494,0.1506,1,Real,False,False Positive (Fake -> Real)
id31_id17_0005,id31_id17_0005.mp4,0,fake,8,0.1961,0.8039,0.1961,1,Real,False,False Positive (Fake -> Real)
id4_id1_0004,id4_id1_0004.mp4,0,fake,8,0.5423,0.4577,0.5423,1,Real,False,False Positive (Fake -> Real)
id47_0008,id47_0008.mp4,1,real,8,0.0679,0.9321,0.9321,0,Fake,False,False Negative (Real -> Fake)
id21_0007,id21_0007.mp4,1,real,8,0.0261,0.9739,0.9739,0,Fake,False,False Negative (Real -> Fake)
id60_0009,id60_0009.mp4,1,real,8,0.0655,0.9345,0.9345,0,Fake,False,False Negative (Real -> Fake)
00128,00128.mp4,1,real,7,0.0781,0.9219,0.9219,0,Fake,False,False Negative (Real -> Fake)
id23_id0_0005,id23_id0_0005.mp4,0,fake,8,0.1559,0.8441,0.1559,1,Real,False,False Positive (Fake -> Real)
id48_id40_0008,id48_id40_0008.mp4,0,fake,8,0.4764,0.5236,0.4764,1,Real,False,False Positive (Fake -> Real)
id41_id47_0002,id41_id47_0002.mp4,0,fake,8,0.1691,0.8309,0.1691,1,Real,False,False Positive (Fake -> Real)
id35_id2_0009,id35_id2_0009.mp4,0,fake,8,0.3263,0.6737,0.3263,1,Real,False,False Positive (Fake -> Real)
id32_id20_0005,id32_id20_0005.mp4,0,fake,8,0.2236,0.7764,0.2236,1,Real,False,False Positive (Fake -> Real)
id57_0002,id57_0002.mp4,1,real,8,0.0679,0.9321,0.9321,0,Fake,False,False Negative (Real -> Fake)
id46_id42_0000,id46_id42_0000.mp4,0,fake,8,0.4744,0.5256,0.4744,1,Real,False,False Positive (Fake -> Real)
id26_id22_0003,id26_id22_0003.mp4,0,fake,8,0.193,0.807,0.193,1,Real,False,False Positive (Fake -> Real)
id50_id56_0002,id50_id56_0002.mp4,0,fake,8,0.2021,0.7979,0.2021,1,Real,False,False Positive (Fake -> Real)
id4_id30_0004,id4_id30_0004.mp4,0,fake,8,0.2519,0.7481,0.2519,1,Real,False,False Positive (Fake -> Real)
id54_id53_0003,id54_id53_0003.mp4,0,fake,8,0.153,0.847,0.153,1,Real,False,False Positive (Fake -> Real)
id60_id61_0005,id60_id61_0005.mp4,0,fake,8,0.1952,0.8048,0.1952,1,Real,False,False Positive (Fake -> Real)
id39_0003,id39_0003.mp4,1,real,8,0.077,0.923,0.923,0,Fake,False,False Negative (Real -> Fake)
id40_id42_0001,id40_id42_0001.mp4,0,fake,8,0.1977,0.8023,0.1977,1,Real,False,False Positive (Fake -> Real)
id55_0003,id55_0003.mp4,1,real,8,0.1033,0.8967,0.8967,0,Fake,False,False Negative (Real -> Fake)
id48_id40_0009,id48_id40_0009.mp4,0,fake,8,0.1585,0.8415,0.1585,1,Real,False,False Positive (Fake -> Real)
id8_id2_0003,id8_id2_0003.mp4,0,fake,8,0.412,0.588,0.412,1,Real,False,False Positive (Fake -> Real)
id46_id42_0009,id46_id42_0009.mp4,0,fake,8,0.2184,0.7816,0.2184,1,Real,False,False Positive (Fake -> Real)
id33_id38_0000,id33_id38_0000.mp4,0,fake,8,0.1996,0.8004,0.1996,1,Real,False,False Positive (Fake -> Real)
id13_id7_0007,id13_id7_0007.mp4,0,fake,8,0.3486,0.6514,0.3486,1,Real,False,False Positive (Fake -> Real)
id8_id7_0007,id8_id7_0007.mp4,0,fake,8,0.2397,0.7603,0.2397,1,Real,False,False Positive (Fake -> Real)
id53_0006,id53_0006.mp4,1,real,8,0.1279,0.8721,0.8721,0,Fake,False,False Negative (Real -> Fake)
id58_id49_0008,id58_id49_0008.mp4,0,fake,8,0.1564,0.8436,0.1564,1,Real,False,False Positive (Fake -> Real)
id6_id26_0004,id6_id26_0004.mp4,0,fake,8,0.1627,0.8373,0.1627,1,Real,False,False Positive (Fake -> Real)
id60_0002,id60_0002.mp4,1,real,8,0.1329,0.8671,0.8671,0,Fake,False,False Negative (Real -> Fake)
id47_id41_0003,id47_id41_0003.mp4,0,fake,8,0.1984,0.8016,0.1984,1,Real,False,False Positive (Fake -> Real)
id31_id38_0007,id31_id38_0007.mp4,0,fake,8,0.1635,0.8365,0.1635,1,Real,False,False Positive (Fake -> Real)
id35_id20_0009,id35_id20_0009.mp4,0,fake,7,0.2006,0.7994,0.2006,1,Real,False,False Positive (Fake -> Real)
id44_id39_0001,id44_id39_0001.mp4,0,fake,8,0.214,0.786,0.214,1,Real,False,False Positive (Fake -> Real)
id20_id22_0002,id20_id22_0002.mp4,0,fake,8,0.1711,0.8289,0.1711,1,Real,False,False Positive (Fake -> Real)
id59_id5_0007,id59_id5_0007.mp4,0,fake,8,0.331,0.669,0.331,1,Real,False,False Positive (Fake -> Real)
id20_0001,id20_0001.mp4,1,real,8,0.049,0.951,0.951,0,Fake,False,False Negative (Real -> Fake)
id61_id60_0006,id61_id60_0006.mp4,0,fake,8,0.2103,0.7897,0.2103,1,Real,False,False Positive (Fake -> Real)
id48_id43_0009,id48_id43_0009.mp4,0,fake,8,0.1815,0.8185,0.1815,1,Real,False,False Positive (Fake -> Real)
id12_0003,id12_0003.mp4,1,real,8,0.1435,0.8565,0.8565,0,Fake,False,False Negative (Real -> Fake)
id40_id43_0006,id40_id43_0006.mp4,0,fake,8,0.2448,0.7552,0.2448,1,Real,False,False Positive (Fake -> Real)
id46_id39_0003,id46_id39_0003.mp4,0,fake,8,0.1659,0.8341,0.1659,1,Real,False,False Positive (Fake -> Real)
id39_id45_0006,id39_id45_0006.mp4,0,fake,8,0.1655,0.8345,0.1655,1,Real,False,False Positive (Fake -> Real)
id27_id24_0000,id27_id24_0000.mp4,0,fake,8,0.2688,0.7312,0.2688,1,Real,False,False Positive (Fake -> Real)
id13_id7_0002,id13_id7_0002.mp4,0,fake,8,0.4096,0.5904,0.4096,1,Real,False,False Positive (Fake -> Real)
id11_id7_0002,id11_id7_0002.mp4,0,fake,8,0.5512,0.4488,0.5512,1,Real,False,False Positive (Fake -> Real)
id43_id42_0008,id43_id42_0008.mp4,0,fake,8,0.2812,0.7188,0.2812,1,Real,False,False Positive (Fake -> Real)
id38_0003,id38_0003.mp4,1,real,8,0.0314,0.9686,0.9686,0,Fake,False,False Negative (Real -> Fake)
id8_id6_0008,id8_id6_0008.mp4,0,fake,8,0.4214,0.5786,0.4214,1,Real,False,False Positive (Fake -> Real)
id40_id42_0003,id40_id42_0003.mp4,0,fake,8,0.1944,0.8056,0.1944,1,Real,False,False Positive (Fake -> Real)
id54_id51_0001,id54_id51_0001.mp4,0,fake,8,0.1697,0.8303,0.1697,1,Real,False,False Positive (Fake -> Real)
id8_id4_0007,id8_id4_0007.mp4,0,fake,8,0.2333,0.7667,0.2333,1,Real,False,False Positive (Fake -> Real)
id23_id29_0006,id23_id29_0006.mp4,0,fake,8,0.1829,0.8171,0.1829,1,Real,False,False Positive (Fake -> Real)
id57_0001,id57_0001.mp4,1,real,8,0.1003,0.8997,0.8997,0,Fake,False,False Negative (Real -> Fake)
id8_id2_0007,id8_id2_0007.mp4,0,fake,8,0.2088,0.7912,0.2088,1,Real,False,False Positive (Fake -> Real)
id10_0008,id10_0008.mp4,1,real,8,0.1339,0.8661,0.8661,0,Fake,False,False Negative (Real -> Fake)
id12_id7_0004,id12_id7_0004.mp4,0,fake,8,0.3382,0.6618,0.3382,1,Real,False,False Positive (Fake -> Real)
id23_id26_0006,id23_id26_0006.mp4,0,fake,8,0.1505,0.8495,0.1505,1,Real,False,False Positive (Fake -> Real)
id51_id53_0008,id51_id53_0008.mp4,0,fake,8,0.1782,0.8218,0.1782,1,Real,False,False Positive (Fake -> Real)
id56_id49_0000,id56_id49_0000.mp4,0,fake,8,0.1898,0.8102,0.1898,1,Real,False,False Positive (Fake -> Real)
id47_id43_0003,id47_id43_0003.mp4,0,fake,8,0.2196,0.7804,0.2196,1,Real,False,False Positive (Fake -> Real)
id48_id46_0009,id48_id46_0009.mp4,0,fake,8,0.2115,0.7885,0.2115,1,Real,False,False Positive (Fake -> Real)
id57_id58_0005,id57_id58_0005.mp4,0,fake,8,0.5546,0.4454,0.5546,1,Real,False,False Positive (Fake -> Real)
id30_0008,id30_0008.mp4,1,real,8,0.0335,0.9665,0.9665,0,Fake,False,False Negative (Real -> Fake)
id31_0000,id31_0000.mp4,1,real,8,0.0224,0.9776,0.9776,0,Fake,False,False Negative (Real -> Fake)
id52_id55_0009,id52_id55_0009.mp4,0,fake,8,0.2052,0.7948,0.2052,1,Real,False,False Positive (Fake -> Real)
id20_id26_0002,id20_id26_0002.mp4,0,fake,8,0.1633,0.8367,0.1633,1,Real,False,False Positive (Fake -> Real)
id42_id48_0001,id42_id48_0001.mp4,0,fake,8,0.238,0.762,0.238,1,Real,False,False Positive (Fake -> Real)
id56_0004,id56_0004.mp4,1,real,8,0.0722,0.9278,0.9278,0,Fake,False,False Negative (Real -> Fake)
id46_id48_0003,id46_id48_0003.mp4,0,fake,8,0.2204,0.7796,0.2204,1,Real,False,False Positive (Fake -> Real)
id45_id43_0008,id45_id43_0008.mp4,0,fake,8,0.1731,0.8269,0.1731,1,Real,False,False Positive (Fake -> Real)
id38_id33_0008,id38_id33_0008.mp4,0,fake,8,0.354,0.646,0.354,1,Real,False,False Positive (Fake -> Real)
id42_id41_0000,id42_id41_0000.mp4,0,fake,8,0.1651,0.8349,0.1651,1,Real,False,False Positive (Fake -> Real)
id37_0006,id37_0006.mp4,1,real,8,0.1393,0.8607,0.8607,0,Fake,False,False Negative (Real -> Fake)
id41_0007,id41_0007.mp4,1,real,8,0.1263,0.8737,0.8737,0,Fake,False,False Negative (Real -> Fake)
id44_id43_0005,id44_id43_0005.mp4,0,fake,8,0.1618,0.8382,0.1618,1,Real,False,False Positive (Fake -> Real)
00085,00085.mp4,1,real,8,0.1492,0.8508,0.8508,0,Fake,False,False Negative (Real -> Fake)
id38_id31_0009,id38_id31_0009.mp4,0,fake,8,0.2258,0.7742,0.2258,1,Real,False,False Positive (Fake -> Real)
id13_0009,id13_0009.mp4,1,real,8,0.0844,0.9156,0.9156,0,Fake,False,False Negative (Real -> Fake)
id59_id60_0007,id59_id60_0007.mp4,0,fake,8,0.4027,0.5973,0.4027,1,Real,False,False Positive (Fake -> Real)
id33_id34_0008,id33_id34_0008.mp4,0,fake,8,0.1611,0.8389,0.1611,1,Real,False,False Positive (Fake -> Real)
id4_0009,id4_0009.mp4,1,real,8,0.0297,0.9703,0.9703,0,Fake,False,False Negative (Real -> Fake)
id10_0002,id10_0002.mp4,1,real,8,0.087,0.913,0.913,0,Fake,False,False Negative (Real -> Fake)
id55_id49_0007,id55_id49_0007.mp4,0,fake,8,0.1754,0.8246,0.1754,1,Real,False,False Positive (Fake -> Real)
id48_id46_0001,id48_id46_0001.mp4,0,fake,8,0.3774,0.6226,0.3774,1,Real,False,False Positive (Fake -> Real)
id48_id44_0000,id48_id44_0000.mp4,0,fake,8,0.174,0.826,0.174,1,Real,False,False Positive (Fake -> Real)
id58_id52_0008,id58_id52_0008.mp4,0,fake,8,0.1968,0.8032,0.1968,1,Real,False,False Positive (Fake -> Real)
id25_id26_0006,id25_id26_0006.mp4,0,fake,8,0.561,0.439,0.561,1,Real,False,False Positive (Fake -> Real)
id34_id32_0000,id34_id32_0000.mp4,0,fake,8,0.5355,0.4645,0.5355,1,Real,False,False Positive (Fake -> Real)
id7_id10_0005,id7_id10_0005.mp4,0,fake,8,0.5492,0.4508,0.5492,1,Real,False,False Positive (Fake -> Real)
id0_id28_0008,id0_id28_0008.mp4,0,fake,8,0.4036,0.5964,0.4036,1,Real,False,False Positive (Fake -> Real)
id17_id35_0009,id17_id35_0009.mp4,0,fake,8,0.1523,0.8477,0.1523,1,Real,False,False Positive (Fake -> Real)
id40_0007,id40_0007.mp4,1,real,8,0.1298,0.8702,0.8702,0,Fake,False,False Negative (Real -> Fake)
id13_id10_0004,id13_id10_0004.mp4,0,fake,8,0.1594,0.8406,0.1594,1,Real,False,False Positive (Fake -> Real)
id47_id46_0007,id47_id46_0007.mp4,0,fake,8,0.2591,0.7409,0.2591,1,Real,False,False Positive (Fake -> Real)
id49_0008,id49_0008.mp4,1,real,8,0.0851,0.9149,0.9149,0,Fake,False,False Negative (Real -> Fake)
id50_id51_0008,id50_id51_0008.mp4,0,fake,8,0.4328,0.5672,0.4328,1,Real,False,False Positive (Fake -> Real)
id53_id54_0009,id53_id54_0009.mp4,0,fake,8,0.2005,0.7995,0.2005,1,Real,False,False Positive (Fake -> Real)
id5_id60_0007,id5_id60_0007.mp4,0,fake,8,0.2037,0.7963,0.2037,1,Real,False,False Positive (Fake -> Real)
id40_0002,id40_0002.mp4,1,real,8,0.0976,0.9024,0.9024,0,Fake,False,False Negative (Real -> Fake)
id41_id42_0001,id41_id42_0001.mp4,0,fake,8,0.5148,0.4852,0.5148,1,Real,False,False Positive (Fake -> Real)
id41_id47_0001,id41_id47_0001.mp4,0,fake,8,0.1895,0.8105,0.1895,1,Real,False,False Positive (Fake -> Real)
id19_id27_0006,id19_id27_0006.mp4,0,fake,8,0.3193,0.6807,0.3193,1,Real,False,False Positive (Fake -> Real)
id17_0003,id17_0003.mp4,1,real,8,0.0299,0.9701,0.9701,0,Fake,False,False Negative (Real -> Fake)
id40_0008,id40_0008.mp4,1,real,8,0.0706,0.9294,0.9294,0,Fake,False,False Negative (Real -> Fake)
id28_id2_0005,id28_id2_0005.mp4,0,fake,8,0.1993,0.8007,0.1993,1,Real,False,False Positive (Fake -> Real)
id28_0003,id28_0003.mp4,1,real,8,0.0204,0.9796,0.9796,0,Fake,False,False Negative (Real -> Fake)
id47_id43_0001,id47_id43_0001.mp4,0,fake,8,0.1829,0.8171,0.1829,1,Real,False,False Positive (Fake -> Real)
id0_id26_0001,id0_id26_0001.mp4,0,fake,8,0.3102,0.6898,0.3102,1,Real,False,False Positive (Fake -> Real)
id4_id28_0004,id4_id28_0004.mp4,0,fake,8,0.3599,0.6401,0.3599,1,Real,False,False Positive (Fake -> Real)
id55_id54_0009,id55_id54_0009.mp4,0,fake,8,0.4366,0.5634,0.4366,1,Real,False,False Positive (Fake -> Real)
id55_id52_0006,id55_id52_0006.mp4,0,fake,8,0.1548,0.8452,0.1548,1,Real,False,False Positive (Fake -> Real)
id6_id9_0000,id6_id9_0000.mp4,0,fake,8,0.1759,0.8241,0.1759,1,Real,False,False Positive (Fake -> Real)
id61_id60_0005,id61_id60_0005.mp4,0,fake,8,0.232,0.768,0.232,1,Real,False,False Positive (Fake -> Real)
id50_id55_0002,id50_id55_0002.mp4,0,fake,8,0.1963,0.8037,0.1963,1,Real,False,False Positive (Fake -> Real)
id48_id47_0002,id48_id47_0002.mp4,0,fake,8,0.3707,0.6293,0.3707,1,Real,False,False Positive (Fake -> Real)
id41_id40_0009,id41_id40_0009.mp4,0,fake,8,0.2852,0.7148,0.2852,1,Real,False,False Positive (Fake -> Real)
id24_id25_0006,id24_id25_0006.mp4,0,fake,8,0.2686,0.7314,0.2686,1,Real,False,False Positive (Fake -> Real)
id55_id53_0006,id55_id53_0006.mp4,0,fake,8,0.1502,0.8498,0.1502,1,Real,False,False Positive (Fake -> Real)
id40_id46_0005,id40_id46_0005.mp4,0,fake,8,0.1739,0.8261,0.1739,1,Real,False,False Positive (Fake -> Real)
id47_id46_0005,id47_id46_0005.mp4,0,fake,8,0.3622,0.6378,0.3622,1,Real,False,False Positive (Fake -> Real)
id50_id52_0002,id50_id52_0002.mp4,0,fake,8,0.181,0.819,0.181,1,Real,False,False Positive (Fake -> Real)
id50_id54_0002,id50_id54_0002.mp4,0,fake,8,0.2073,0.7927,0.2073,1,Real,False,False Positive (Fake -> Real)
id9_id6_0007,id9_id6_0007.mp4,0,fake,8,0.3414,0.6586,0.3414,1,Real,False,False Positive (Fake -> Real)
id28_0002,id28_0002.mp4,1,real,8,0.1074,0.8926,0.8926,0,Fake,False,False Negative (Real -> Fake)
id0_id2_0002,id0_id2_0002.mp4,0,fake,8,0.2243,0.7757,0.2243,1,Real,False,False Positive (Fake -> Real)
id49_id51_0007,id49_id51_0007.mp4,0,fake,8,0.2155,0.7845,0.2155,1,Real,False,False Positive (Fake -> Real)
id31_0001,id31_0001.mp4,1,real,8,0.0308,0.9692,0.9692,0,Fake,False,False Negative (Real -> Fake)
id8_id9_0008,id8_id9_0008.mp4,0,fake,8,0.4428,0.5572,0.4428,1,Real,False,False Positive (Fake -> Real)
id41_0004,id41_0004.mp4,1,real,8,0.0687,0.9313,0.9313,0,Fake,False,False Negative (Real -> Fake)
id43_id48_0004,id43_id48_0004.mp4,0,fake,8,0.1923,0.8077,0.1923,1,Real,False,False Positive (Fake -> Real)
id47_id45_0004,id47_id45_0004.mp4,0,fake,8,0.3402,0.6598,0.3402,1,Real,False,False Positive (Fake -> Real)
id47_id46_0003,id47_id46_0003.mp4,0,fake,8,0.1508,0.8492,0.1508,1,Real,False,False Positive (Fake -> Real)
id35_id30_0009,id35_id30_0009.mp4,0,fake,8,0.1825,0.8175,0.1825,1,Real,False,False Positive (Fake -> Real)
id0_0003,id0_0003.mp4,1,real,8,0.0405,0.9595,0.9595,0,Fake,False,False Negative (Real -> Fake)
id46_id43_0001,id46_id43_0001.mp4,0,fake,8,0.1547,0.8453,0.1547,1,Real,False,False Positive (Fake -> Real)
id39_id43_0006,id39_id43_0006.mp4,0,fake,8,0.2216,0.7784,0.2216,1,Real,False,False Positive (Fake -> Real)
id53_0001,id53_0001.mp4,1,real,8,0.0419,0.9581,0.9581,0,Fake,False,False Negative (Real -> Fake)
id47_id42_0005,id47_id42_0005.mp4,0,fake,8,0.4971,0.5029,0.4971,1,Real,False,False Positive (Fake -> Real)
id43_id47_0008,id43_id47_0008.mp4,0,fake,8,0.1691,0.8309,0.1691,1,Real,False,False Positive (Fake -> Real)
id30_0005,id30_0005.mp4,1,real,8,0.0403,0.9597,0.9597,0,Fake,False,False Negative (Real -> Fake)
id39_id45_0002,id39_id45_0002.mp4,0,fake,8,0.2248,0.7752,0.2248,1,Real,False,False Positive (Fake -> Real)
id35_0004,id35_0004.mp4,1,real,8,0.0633,0.9367,0.9367,0,Fake,False,False Negative (Real -> Fake)
id32_id34_0005,id32_id34_0005.mp4,0,fake,8,0.213,0.787,0.213,1,Real,False,False Positive (Fake -> Real)
id27_id28_0001,id27_id28_0001.mp4,0,fake,8,0.1715,0.8285,0.1715,1,Real,False,False Positive (Fake -> Real)
id47_id44_0006,id47_id44_0006.mp4,0,fake,8,0.1519,0.8481,0.1519,1,Real,False,False Positive (Fake -> Real)
id22_id26_0009,id22_id26_0009.mp4,0,fake,8,0.176,0.824,0.176,1,Real,False,False Positive (Fake -> Real)
id35_id17_0007,id35_id17_0007.mp4,0,fake,8,0.1656,0.8344,0.1656,1,Real,False,False Positive (Fake -> Real)
id58_id54_0003,id58_id54_0003.mp4,0,fake,8,0.176,0.824,0.176,1,Real,False,False Positive (Fake -> Real)
00035,00035.mp4,1,real,8,0.0362,0.9638,0.9638,0,Fake,False,False Negative (Real -> Fake)
id24_id22_0009,id24_id22_0009.mp4,0,fake,8,0.2318,0.7682,0.2318,1,Real,False,False Positive (Fake -> Real)
id29_id38_0004,id29_id38_0004.mp4,0,fake,8,0.287,0.713,0.287,1,Real,False,False Positive (Fake -> Real)
00215,00215.mp4,1,real,8,0.1265,0.8735,0.8735,0,Fake,False,False Negative (Real -> Fake)
id21_0000,id21_0000.mp4,1,real,8,0.0831,0.9169,0.9169,0,Fake,False,False Negative (Real -> Fake)
id21_id1_0004,id21_id1_0004.mp4,0,fake,8,0.4213,0.5787,0.4213,1,Real,False,False Positive (Fake -> Real)
id27_id25_0001,id27_id25_0001.mp4,0,fake,8,0.2498,0.7502,0.2498,1,Real,False,False Positive (Fake -> Real)
id52_0003,id52_0003.mp4,1,real,8,0.0861,0.9139,0.9139,0,Fake,False,False Negative (Real -> Fake)
id16_id2_0003,id16_id2_0003.mp4,0,fake,8,0.2612,0.7388,0.2612,1,Real,False,False Positive (Fake -> Real)
id26_id29_0003,id26_id29_0003.mp4,0,fake,8,0.2947,0.7053,0.2947,1,Real,False,False Positive (Fake -> Real)
id55_id51_0009,id55_id51_0009.mp4,0,fake,8,0.3102,0.6898,0.3102,1,Real,False,False Positive (Fake -> Real)
id41_id42_0009,id41_id42_0009.mp4,0,fake,8,0.4493,0.5507,0.4493,1,Real,False,False Positive (Fake -> Real)
id33_0004,id33_0004.mp4,1,real,8,0.1053,0.8947,0.8947,0,Fake,False,False Negative (Real -> Fake)
id22_id24_0006,id22_id24_0006.mp4,0,fake,8,0.4621,0.5379,0.4621,1,Real,False,False Positive (Fake -> Real)
id19_id20_0006,id19_id20_0006.mp4,0,fake,8,0.2258,0.7742,0.2258,1,Real,False,False Positive (Fake -> Real)
id22_id24_0001,id22_id24_0001.mp4,0,fake,8,0.2289,0.7711,0.2289,1,Real,False,False Positive (Fake -> Real)
id35_id21_0009,id35_id21_0009.mp4,0,fake,8,0.1942,0.8058,0.1942,1,Real,False,False Positive (Fake -> Real)
id60_0007,id60_0007.mp4,1,real,8,0.0467,0.9533,0.9533,0,Fake,False,False Negative (Real -> Fake)
id35_id17_0009,id35_id17_0009.mp4,0,fake,6,0.3735,0.6265,0.3735,1,Real,False,False Positive (Fake -> Real)
id39_id44_0002,id39_id44_0002.mp4,0,fake,8,0.1996,0.8004,0.1996,1,Real,False,False Positive (Fake -> Real)
id60_id5_0006,id60_id5_0006.mp4,0,fake,8,0.3395,0.6605,0.3395,1,Real,False,False Positive (Fake -> Real)
id19_id25_0006,id19_id25_0006.mp4,0,fake,8,0.2806,0.7194,0.2806,1,Real,False,False Positive (Fake -> Real)
id21_id9_0004,id21_id9_0004.mp4,0,fake,8,0.3323,0.6677,0.3323,1,Real,False,False Positive (Fake -> Real)
id53_id54_0006,id53_id54_0006.mp4,0,fake,8,0.3145,0.6855,0.3145,1,Real,False,False Positive (Fake -> Real)
id17_id37_0009,id17_id37_0009.mp4,0,fake,8,0.2321,0.7679,0.2321,1,Real,False,False Positive (Fake -> Real)
id46_id43_0000,id46_id43_0000.mp4,0,fake,8,0.4198,0.5802,0.4198,1,Real,False,False Positive (Fake -> Real)
id16_id1_0001,id16_id1_0001.mp4,0,fake,8,0.2145,0.7855,0.2145,1,Real,False,False Positive (Fake -> Real)
id38_id37_0009,id38_id37_0009.mp4,0,fake,8,0.2018,0.7982,0.2018,1,Real,False,False Positive (Fake -> Real)
id47_id42_0009,id47_id42_0009.mp4,0,fake,8,0.2211,0.7789,0.2211,1,Real,False,False Positive (Fake -> Real)
id26_0009,id26_0009.mp4,1,real,8,0.0396,0.9604,0.9604,0,Fake,False,False Negative (Real -> Fake)
id10_id12_0006,id10_id12_0006.mp4,0,fake,8,0.6654,0.3346,0.6654,1,Real,False,False Positive (Fake -> Real)
id51_id54_0008,id51_id54_0008.mp4,0,fake,8,0.2985,0.7015,0.2985,1,Real,False,False Positive (Fake -> Real)
id22_0003,id22_0003.mp4,1,real,8,0.039,0.961,0.961,0,Fake,False,False Negative (Real -> Fake)
id46_id48_0004,id46_id48_0004.mp4,0,fake,8,0.1804,0.8196,0.1804,1,Real,False,False Positive (Fake -> Real)
id1_id35_0003,id1_id35_0003.mp4,0,fake,8,0.2079,0.7921,0.2079,1,Real,False,False Positive (Fake -> Real)
