experiment,model_class,pos_weight,mask_prob,best_epoch,threshold,val_auc,val_acc,val_bal_acc,val_rec_real,val_f1_real,val_f1_fake,val_brier,test_auc,test_acc,test_bal_acc,test_prec_real,test_rec_real,test_f1_real,test_prec_fake,test_rec_fake,test_f1_fake,test_brier,TN,FP,FN,TP,total_errors
V7_CandidateA_V4_Control,TemporalConvBiGRUControl,7.438,0.0,3,0.23,0.7388,0.8751,0.6944,0.4577,0.4643,0.9293,0.08511,0.7682,0.7548,0.6821,0.7339,0.4494,0.5575,0.7604,0.9147,0.8304,0.21411,311,29,98,80,127
V7_CandidateB_TemporalDiffBiGRU,TemporalDiffBiGRUModel,7.438,0.0,1,0.24,0.7453,0.8734,0.663,0.3873,0.4198,0.929,0.08934,0.7531,0.7432,0.6545,0.7586,0.3708,0.4981,0.7401,0.9382,0.8275,0.22467,319,21,112,66,133
V7_CandidateC_CNNTemporalTransformer,CNNTemporalTransformer,7.438,0.0,5,0.25,0.7345,0.8784,0.6963,0.4577,0.471,0.9313,0.08354,0.7651,0.7259,0.6453,0.6765,0.3876,0.4929,0.738,0.9029,0.8122,0.21572,307,33,109,69,142
V7_CandidateD_BiGRUTransformer,BiGRUTransformerModel,7.438,0.0,2,0.18,0.7399,0.8393,0.6772,0.4648,0.4062,0.9071,0.08858,0.7472,0.7587,0.693,0.7227,0.4831,0.5791,0.7694,0.9029,0.8309,0.22321,307,33,92,86,125
V7_CandidateE1_HybridV7_Standard,HybridV7Model,7.438,0.0,2,0.17,0.7572,0.841,0.6994,0.5141,0.4332,0.9075,0.08687,0.7686,0.7529,0.6819,0.7232,0.4551,0.5586,0.7611,0.9088,0.8284,0.21797,309,31,97,81,128
V7_CandidateE2_HybridV7_ModerateWeight,HybridV7Model,5.5,0.0,6,0.32,0.7501,0.8959,0.6849,0.4085,0.4813,0.9422,0.0822,0.7762,0.7703,0.6938,0.7921,0.4494,0.5735,0.765,0.9382,0.8428,0.19655,319,21,98,80,119
V7_CandidateF_DualStreamModel,DualStreamTemporalModel,7.438,0.0,1,0.22,0.7352,0.8585,0.6728,0.4296,0.4178,0.9194,0.09207,0.7274,0.7413,0.6597,0.7245,0.3989,0.5145,0.7452,0.9206,0.8237,0.23071,313,27,107,71,134
V7_CandidateG_RobustMaskedHybridV7,HybridV7Model,7.438,0.15,10,0.35,0.7458,0.8976,0.6767,0.3873,0.4721,0.9433,0.08381,0.7774,0.749,0.6656,0.7553,0.3989,0.5221,0.7476,0.9324,0.8298,0.20078,317,23,107,71,130
V7_Fusion_V4_plus_V7_CandidateE1_HybridV7_Standard_(alpha=0.2),ProbabilityEnsembleFusion,7.438,0.0,0,0.19,0.7653,0.856,0.7018,0.5,0.4508,0.9171,0.08528,0.7771,0.7568,0.6822,0.7453,0.4438,0.5563,0.7597,0.9206,0.8324,0.21559,313,27,99,79,126
