video_id,filename,label,label_name,predicted_label,predicted_class,p_fake,p_real,margin,error_type,face_detected_frames,frame_count
id52_id50_0005,id52_id50_0005.mp4,0,fake,1,Real,0.6613,0.3387,0.0187,Fake_As_Real_FP,8,8
id22_id25_0006,id22_id25_0006.mp4,0,fake,1,Real,0.4209,0.5791,0.2591,Fake_As_Real_FP,8,8
id34_id29_0007,id34_id29_0007.mp4,0,fake,1,Real,0.6051,0.3949,0.0749,Fake_As_Real_FP,8,8
id23_0004,id23_0004.mp4,1,real,0,Fake,0.9361,0.0639,0.2561,Real_As_Fake_FN,8,8
id25_id23_0000,id25_id23_0000.mp4,0,fake,1,Real,0.4387,0.5613,0.2413,Fake_As_Real_FP,8,8
id52_0009,id52_0009.mp4,1,real,0,Fake,0.851,0.149,0.171,Real_As_Fake_FN,8,8
id26_0002,id26_0002.mp4,1,real,0,Fake,0.966,0.034,0.286,Real_As_Fake_FN,8,8
id30_id32_0001,id30_id32_0001.mp4,0,fake,1,Real,0.6222,0.3778,0.0578,Fake_As_Real_FP,8,8
id54_0004,id54_0004.mp4,1,real,0,Fake,0.9546,0.0454,0.2746,Real_As_Fake_FN,8,8
id13_0002,id13_0002.mp4,1,real,0,Fake,0.7889,0.2111,0.1089,Real_As_Fake_FN,8,8
id10_id7_0006,id10_id7_0006.mp4,0,fake,1,Real,0.6546,0.3454,0.0254,Fake_As_Real_FP,8,8
id33_0003,id33_0003.mp4,1,real,0,Fake,0.9481,0.0519,0.2681,Real_As_Fake_FN,8,8
id44_0004,id44_0004.mp4,1,real,0,Fake,0.8455,0.1545,0.1655,Real_As_Fake_FN,8,8
id13_0006,id13_0006.mp4,1,real,0,Fake,0.9627,0.0373,0.2827,Real_As_Fake_FN,8,8
id27_0004,id27_0004.mp4,1,real,0,Fake,0.9324,0.0676,0.2524,Real_As_Fake_FN,8,8
id55_0001,id55_0001.mp4,1,real,0,Fake,0.8948,0.1052,0.2148,Real_As_Fake_FN,8,8
id33_0001,id33_0001.mp4,1,real,0,Fake,0.7835,0.2165,0.1035,Real_As_Fake_FN,8,8
id50_id57_0002,id50_id57_0002.mp4,0,fake,1,Real,0.5906,0.4094,0.0894,Fake_As_Real_FP,8,8
id57_0000,id57_0000.mp4,1,real,0,Fake,0.9657,0.0343,0.2857,Real_As_Fake_FN,8,8
id47_0007,id47_0007.mp4,1,real,0,Fake,0.8536,0.1464,0.1736,Real_As_Fake_FN,8,8
id48_0004,id48_0004.mp4,1,real,0,Fake,0.9442,0.0558,0.2642,Real_As_Fake_FN,8,8
id49_0002,id49_0002.mp4,1,real,0,Fake,0.8181,0.1819,0.1381,Real_As_Fake_FN,8,8
id20_id22_0003,id20_id22_0003.mp4,0,fake,1,Real,0.673,0.327,0.007,Fake_As_Real_FP,8,8
id57_0008,id57_0008.mp4,1,real,0,Fake,0.9566,0.0434,0.2766,Real_As_Fake_FN,8,8
id0_0006,id0_0006.mp4,1,real,0,Fake,0.9165,0.0835,0.2365,Real_As_Fake_FN,8,8
id61_0002,id61_0002.mp4,1,real,0,Fake,0.8311,0.1689,0.1511,Real_As_Fake_FN,8,8
id0_0009,id0_0009.mp4,1,real,0,Fake,0.8361,0.1639,0.1561,Real_As_Fake_FN,8,8
id22_0008,id22_0008.mp4,1,real,0,Fake,0.7949,0.2051,0.1149,Real_As_Fake_FN,8,8
id59_id5_0002,id59_id5_0002.mp4,0,fake,1,Real,0.6271,0.3729,0.0529,Fake_As_Real_FP,8,8
id47_0006,id47_0006.mp4,1,real,0,Fake,0.7353,0.2647,0.0553,Real_As_Fake_FN,8,8
id35_0006,id35_0006.mp4,1,real,0,Fake,0.8705,0.1295,0.1905,Real_As_Fake_FN,8,8
00053,00053.mp4,1,real,0,Fake,0.9312,0.0688,0.2512,Real_As_Fake_FN,8,8
id47_0008,id47_0008.mp4,1,real,0,Fake,0.9383,0.0617,0.2583,Real_As_Fake_FN,8,8
id21_0007,id21_0007.mp4,1,real,0,Fake,0.9697,0.0303,0.2897,Real_As_Fake_FN,8,8
id60_0009,id60_0009.mp4,1,real,0,Fake,0.9596,0.0404,0.2796,Real_As_Fake_FN,8,8
00128,00128.mp4,1,real,0,Fake,0.7561,0.2439,0.0761,Real_As_Fake_FN,7,8
id48_0008,id48_0008.mp4,1,real,0,Fake,0.904,0.096,0.224,Real_As_Fake_FN,8,8
id17_0005,id17_0005.mp4,1,real,0,Fake,0.9333,0.0667,0.2533,Real_As_Fake_FN,8,8
id57_0002,id57_0002.mp4,1,real,0,Fake,0.9581,0.0419,0.2781,Real_As_Fake_FN,8,8
id39_0003,id39_0003.mp4,1,real,0,Fake,0.8395,0.1605,0.1595,Real_As_Fake_FN,8,8
id10_0005,id10_0005.mp4,1,real,0,Fake,0.8311,0.1689,0.1511,Real_As_Fake_FN,8,8
id57_0005,id57_0005.mp4,1,real,0,Fake,0.6911,0.3089,0.0111,Real_As_Fake_FN,8,8
id55_0003,id55_0003.mp4,1,real,0,Fake,0.9045,0.0955,0.2245,Real_As_Fake_FN,8,8
id53_0006,id53_0006.mp4,1,real,0,Fake,0.9593,0.0407,0.2793,Real_As_Fake_FN,8,8
id60_0002,id60_0002.mp4,1,real,0,Fake,0.8082,0.1918,0.1282,Real_As_Fake_FN,8,8
id1_0004,id1_0004.mp4,1,real,0,Fake,0.8031,0.1969,0.1231,Real_As_Fake_FN,8,8
id13_0014,id13_0014.mp4,1,real,0,Fake,0.7736,0.2264,0.0936,Real_As_Fake_FN,8,8
00045,00045.mp4,1,real,0,Fake,0.7593,0.2407,0.0793,Real_As_Fake_FN,8,8
id20_0001,id20_0001.mp4,1,real,0,Fake,0.9214,0.0786,0.2414,Real_As_Fake_FN,8,8
id12_0003,id12_0003.mp4,1,real,0,Fake,0.947,0.053,0.267,Real_As_Fake_FN,8,8
id11_id7_0002,id11_id7_0002.mp4,0,fake,1,Real,0.3296,0.6704,0.3504,Fake_As_Real_FP,8,8
id38_0003,id38_0003.mp4,1,real,0,Fake,0.9568,0.0432,0.2768,Real_As_Fake_FN,8,8
id8_id6_0008,id8_id6_0008.mp4,0,fake,1,Real,0.6708,0.3292,0.0092,Fake_As_Real_FP,8,8
id35_id33_0001,id35_id33_0001.mp4,0,fake,1,Real,0.6324,0.3676,0.0476,Fake_As_Real_FP,8,8
id57_0001,id57_0001.mp4,1,real,0,Fake,0.9584,0.0416,0.2784,Real_As_Fake_FN,8,8
id10_0008,id10_0008.mp4,1,real,0,Fake,0.9551,0.0449,0.2751,Real_As_Fake_FN,8,8
id30_0008,id30_0008.mp4,1,real,0,Fake,0.9657,0.0343,0.2857,Real_As_Fake_FN,8,8
id48_0007,id48_0007.mp4,1,real,0,Fake,0.9258,0.0742,0.2458,Real_As_Fake_FN,8,8
id31_0000,id31_0000.mp4,1,real,0,Fake,0.9691,0.0309,0.2891,Real_As_Fake_FN,8,8
id24_0004,id24_0004.mp4,1,real,0,Fake,0.8013,0.1987,0.1213,Real_As_Fake_FN,8,8
id60_id59_0005,id60_id59_0005.mp4,0,fake,1,Real,0.6576,0.3424,0.0224,Fake_As_Real_FP,8,8
id56_0004,id56_0004.mp4,1,real,0,Fake,0.9632,0.0368,0.2832,Real_As_Fake_FN,8,8
id9_0004,id9_0004.mp4,1,real,0,Fake,0.8414,0.1586,0.1614,Real_As_Fake_FN,8,8
id41_0007,id41_0007.mp4,1,real,0,Fake,0.9605,0.0395,0.2805,Real_As_Fake_FN,8,8
id60_0003,id60_0003.mp4,1,real,0,Fake,0.8929,0.1071,0.2129,Real_As_Fake_FN,8,8
id13_0009,id13_0009.mp4,1,real,0,Fake,0.8426,0.1574,0.1626,Real_As_Fake_FN,8,8
id59_id60_0007,id59_id60_0007.mp4,0,fake,1,Real,0.6526,0.3474,0.0274,Fake_As_Real_FP,8,8
id4_0009,id4_0009.mp4,1,real,0,Fake,0.9702,0.0298,0.2902,Real_As_Fake_FN,8,8
id10_0002,id10_0002.mp4,1,real,0,Fake,0.9641,0.0359,0.2841,Real_As_Fake_FN,8,8
00006,00006.mp4,1,real,0,Fake,0.9021,0.0979,0.2221,Real_As_Fake_FN,8,8
id25_id26_0006,id25_id26_0006.mp4,0,fake,1,Real,0.3324,0.6676,0.3476,Fake_As_Real_FP,8,8
id40_0007,id40_0007.mp4,1,real,0,Fake,0.8549,0.1451,0.1749,Real_As_Fake_FN,8,8
id49_0008,id49_0008.mp4,1,real,0,Fake,0.9663,0.0337,0.2863,Real_As_Fake_FN,8,8
id50_id51_0008,id50_id51_0008.mp4,0,fake,1,Real,0.5317,0.4683,0.1483,Fake_As_Real_FP,8,8
id53_id54_0009,id53_id54_0009.mp4,0,fake,1,Real,0.5823,0.4177,0.0977,Fake_As_Real_FP,8,8
id5_id60_0007,id5_id60_0007.mp4,0,fake,1,Real,0.5968,0.4032,0.0832,Fake_As_Real_FP,8,8
id40_0002,id40_0002.mp4,1,real,0,Fake,0.9632,0.0368,0.2832,Real_As_Fake_FN,8,8
id41_id42_0001,id41_id42_0001.mp4,0,fake,1,Real,0.5906,0.4094,0.0894,Fake_As_Real_FP,8,8
id17_0003,id17_0003.mp4,1,real,0,Fake,0.9689,0.0311,0.2889,Real_As_Fake_FN,8,8
id40_0008,id40_0008.mp4,1,real,0,Fake,0.9387,0.0613,0.2587,Real_As_Fake_FN,8,8
id28_0003,id28_0003.mp4,1,real,0,Fake,0.9661,0.0339,0.2861,Real_As_Fake_FN,8,8
id55_id54_0009,id55_id54_0009.mp4,0,fake,1,Real,0.5034,0.4966,0.1766,Fake_As_Real_FP,8,8
id9_id6_0007,id9_id6_0007.mp4,0,fake,1,Real,0.6366,0.3634,0.0434,Fake_As_Real_FP,8,8
id28_0002,id28_0002.mp4,1,real,0,Fake,0.9479,0.0521,0.2679,Real_As_Fake_FN,8,8
id31_0001,id31_0001.mp4,1,real,0,Fake,0.9602,0.0398,0.2802,Real_As_Fake_FN,8,8
id53_id55_0009,id53_id55_0009.mp4,0,fake,1,Real,0.654,0.346,0.026,Fake_As_Real_FP,8,8
id41_0004,id41_0004.mp4,1,real,0,Fake,0.9633,0.0367,0.2833,Real_As_Fake_FN,8,8
00147,00147.mp4,1,real,0,Fake,0.8289,0.1711,0.1489,Real_As_Fake_FN,8,8
00217,00217.mp4,1,real,0,Fake,0.9328,0.0672,0.2528,Real_As_Fake_FN,8,8
id0_0003,id0_0003.mp4,1,real,0,Fake,0.961,0.039,0.281,Real_As_Fake_FN,8,8
id29_id33_0006,id29_id33_0006.mp4,0,fake,1,Real,0.6637,0.3363,0.0163,Fake_As_Real_FP,8,8
id53_0001,id53_0001.mp4,1,real,0,Fake,0.9457,0.0543,0.2657,Real_As_Fake_FN,8,8
id30_0005,id30_0005.mp4,1,real,0,Fake,0.9544,0.0456,0.2744,Real_As_Fake_FN,8,8
id35_0004,id35_0004.mp4,1,real,0,Fake,0.7968,0.2032,0.1168,Real_As_Fake_FN,8,8
id50_0005,id50_0005.mp4,1,real,0,Fake,0.7085,0.2915,0.0285,Real_As_Fake_FN,8,8
00035,00035.mp4,1,real,0,Fake,0.8827,0.1173,0.2027,Real_As_Fake_FN,8,8
00215,00215.mp4,1,real,0,Fake,0.7947,0.2053,0.1147,Real_As_Fake_FN,8,8
id21_0000,id21_0000.mp4,1,real,0,Fake,0.9434,0.0566,0.2634,Real_As_Fake_FN,8,8
00178,00178.mp4,1,real,0,Fake,0.8601,0.1399,0.1801,Real_As_Fake_FN,8,8
id52_0003,id52_0003.mp4,1,real,0,Fake,0.772,0.228,0.092,Real_As_Fake_FN,8,8
id29_id32_0006,id29_id32_0006.mp4,0,fake,1,Real,0.6384,0.3616,0.0416,Fake_As_Real_FP,8,8
id41_0005,id41_0005.mp4,1,real,0,Fake,0.8078,0.1922,0.1278,Real_As_Fake_FN,8,8
id16_id2_0003,id16_id2_0003.mp4,0,fake,1,Real,0.5546,0.4454,0.1254,Fake_As_Real_FP,8,8
id33_0004,id33_0004.mp4,1,real,0,Fake,0.9435,0.0565,0.2635,Real_As_Fake_FN,8,8
id32_0007,id32_0007.mp4,1,real,0,Fake,0.6882,0.3118,0.0082,Real_As_Fake_FN,8,8
id57_0006,id57_0006.mp4,1,real,0,Fake,0.9684,0.0316,0.2884,Real_As_Fake_FN,8,8
id60_0007,id60_0007.mp4,1,real,0,Fake,0.892,0.108,0.212,Real_As_Fake_FN,8,8
id60_id5_0006,id60_id5_0006.mp4,0,fake,1,Real,0.6614,0.3386,0.0186,Fake_As_Real_FP,8,8
id40_0006,id40_0006.mp4,1,real,0,Fake,0.9397,0.0603,0.2597,Real_As_Fake_FN,8,8
id47_id42_0009,id47_id42_0009.mp4,0,fake,1,Real,0.4667,0.5333,0.2133,Fake_As_Real_FP,8,8
id26_0009,id26_0009.mp4,1,real,0,Fake,0.9387,0.0613,0.2587,Real_As_Fake_FN,8,8
id10_id12_0006,id10_id12_0006.mp4,0,fake,1,Real,0.6171,0.3829,0.0629,Fake_As_Real_FP,8,8
00118,00118.mp4,1,real,0,Fake,0.9294,0.0706,0.2494,Real_As_Fake_FN,8,8
id51_id54_0008,id51_id54_0008.mp4,0,fake,1,Real,0.4413,0.5587,0.2387,Fake_As_Real_FP,8,8
id1_id35_0003,id1_id35_0003.mp4,0,fake,1,Real,0.5905,0.4095,0.0895,Fake_As_Real_FP,8,8
id34_id33_0007,id34_id33_0007.mp4,0,fake,1,Real,0.4143,0.5857,0.2657,Fake_As_Real_FP,8,8
id41_0008,id41_0008.mp4,1,real,0,Fake,0.9398,0.0602,0.2598,Real_As_Fake_FN,8,8
