text,label,probability,length_group,applied_threshold,dataset,prediction,error_type
"They should not take everything at face value, and they should always do their research before making a purchase.",1,0.03395421627726013,short,0.52,SentenceAI,0,False Negative
"Meat, its something we all love to eat.",1,0.10613508239577332,very_short,0.37,SentenceAI,0,False Negative
Body Paragraph 3: The third reason why the Face is a natural landform is that it has been studied by scientists for many years.,1,0.12465551749193476,short,0.52,SentenceAI,0,False Negative
This gave me a better idea of which option would be better for me in the long run.,1,0.13525879514418374,short,0.52,SentenceAI,0,False Negative
"So, I decided to do some research and talk to my counselor to see what's what.",1,0.15283258104128417,short,0.52,SentenceAI,0,False Negative
"The brainpower used to converse or listen can still take the place of, and delay, reactions needed for safe vehicle operation.",1,0.16399199500518755,short,0.52,SentenceAI,0,False Negative
What do you think?,1,0.16523199496464425,very_short,0.37,SentenceAI,0,False Negative
Our lives would be so boring and predictable.,1,0.1942551327034083,very_short,0.37,SentenceAI,0,False Negative
"> ElementaryOS 0.3.1 ist die erste Stable-Version des Linux-Betriebssystems, das sich auf die Bedürfnisse der Mac-Nutzer zugeschnitten hat. Es ist ein Ubuntu-basiertes Betriebssystem, das sich auf die Bedürfnisse der Mac-Nutzer zugeschnitten hat. Es ist ein Ubuntu-basiertes Betriebssystem, das sich auf die Bedürfnisse der Mac-Nutzer zugeschnitten hat. Es ist ein Ubuntu-basiertes Betriebssystem, das sich auf die Bedürfnisse der Mac-Nutzer zugeschnitten hat. Es ist ein Ubuntu-basiertes Betriebssystem, das sich auf die Bedürfnisse der Mac-Nutzer zugeschnitten hat. Es ist ein Ubuntu-basiertes Betriebssystem, das sich auf die Bedürfnisse der Mac-Nutzer zugeschnitten hat. Es ist ein Ubuntu-basiertes Betriebssystem, das sich auf die Bedürfnisse der Mac-Nutzer zugeschnitten hat. Es ist ein Ubuntu-basiertes Betriebssystem, das sich auf die Bedürfnisse der Mac-Nutzer zugeschnitten hat. Es ist ein Ubuntu-basiertes Betriebssystem, das sich auf die Bedürfnisse der Mac-Nutzer zugeschnitten hat. Es ist ein Ubuntu-basiertes Betriebssystem, das sich auf die Bedürfnisse der Mac-Nutzer zugeschnitten hat. Es ist ein Ubuntu-basiertes Betriebssystem, das sich auf die Bedürfnisse der Mac-Nutzer zugeschnitten hat. Es ist ein Ubuntu-basiertes Betriebssystem, das sich auf die Bedürfnisse der Mac-Nutzer zugeschnitten hat. Es ist ein Ubuntu-basiertes Betriebssystem, das sich auf die Bedürfnisse der Mac-Nutzer zugeschnitten",1,0.21428725630120352,long,0.42,RAID,0,False Negative
"Mitte Oktober plant Präsident David Cameron, automobilhersteller in Großbritannien anzutreiben. Dafür wird er eine neue Konferenz zur Unterstützung der Automobilindustrie veranstalten und die Einschränkungen im Hinblick auf den CO2-Ausstoß fördern. Außenminister William Hague gehört zudem zu ihnen, welcher künftig ein Autoherstellungsprogramm einführen möchte, das es aus britischen Rohstoffen gemachte Fahrzeuge bewirbt.</p>",1,0.21724355137651433,medium,0.6,RAID,0,False Negative
"In conclusion, I think that using the Facial Action Coding System in a classroom could be very useful if implemented correctly.",1,0.21799283457673532,short,0.52,SentenceAI,0,False Negative
"When you yawn, your body is trying to get more oxygen. To do this, your chest expands and your lungs fill up with air. The muscles around your eyes may also stretch and cause your eyes to water. This is a normal bodily response and is nothing to be worried about. It's just your body's way of trying to get more oxygen and keep you healthy. So if your eyes water when you yawn, it's not because you're crying, it's just a normal part of the yawning process.",1,0.23569882994669536,long,0.42,HC3,0,False Negative
"But now we have cars, buses, trains, and planes!",1,0.23604328057018611,very_short,0.37,SentenceAI,0,False Negative
"""Am selben Tag gab die NATO gegenwärtig darüber bekannt, dass bei einem Strafantrag auf einen is-Glaubensfanatiker zwei Insassen der international besetzten Hauptstadt getötet wurden. Ein westliches Militärstellenvertreter gestand spätestens am 29 November 2007 an diesem Vorfall Schuld."" Translation (""A suicide bomber killed ten people on Friday..."") ""... and that at the same time two residents of Afghanistan's capital city were shot dead by foreign troops during a search operation... A western military spokesman confessed responsibility no later than 23rd Nov., [2007]."" There are about 20 more articles but I believe these illustrate what was said above; as far back you can go there will always be mention or indication made for any wrongdoing from those considered to have such power/control over whatever might appear 'bad'. And it'll never change until we ourselves make certain changes (not very likely). But just how hard could this all really truly come? If our minds become closed off then everything else closes down too - if your eyes don't see bad coming into reality when given examples like found here why should they notice anything otherways occurring simultaneously elsewhere even while still reading only mainstream media outlets?! How do things ever improve since with each new case being reported comes another reason which leads them onto next topic soon enough regardless whether true story based events happen today again tomorrow month year after &c.. It does seem quite obvious though considering many times someone wants nothing less so much better: They already know truth isn’ t easily bought out using paper money! This site provides us proof through example(s); also look closely around yourself before calling lies everywhere because sometimes mistakes aren‘ need blame game played unless both sides agree cooperate together peacefully first step towards resolving issues rather fighting among themselves instead.” What role would my research play within society anyway besides giving me something useful occupy mind throughout day long days boring life without love laughs tears happiness joy passion excitement curiosity interest satisfaction contentment fulfillment loneliness boredom resentment anger frustration disappointment disillusion despair dejection depression despondency etceteras ad nauseam ditto plaintively endlessly repeatedly eternally interminably innumerabiliter ex infinitum iteratedly indefessamente continuously perpetually unceasing endlessy monotonously tediously rep",1,0.24627278344786957,long,0.42,RAID,0,False Negative
The Electoral College was created in 1787 as a compromise between those who wanted the president to be elected by Congress and those who wanted the president to be elected by a popular vote of the people.,1,0.24674908459656703,medium,0.6,SentenceAI,0,False Negative
"""Ein Kirchengebäude aus dem 16. Jahrhundert, das von einem Stausee in Mexiko verschluckt wurde, ist nach mehr als 300 Jahren wieder aufgetaucht.

Die Kirche, die im Jahr 1585 erbaut wurde, wurde von einem Stausee in der Nähe von Puebla, einem Stadtstaat in Mexiko, verschluckt.

Die Kirche, die als ""Santa Maria de Tonantzintla"" bekannt ist, wurde von einem Erdbeben im Jahr 1773 verschluckt.

Die Kirche wurde von einem Stausee in der Nähe von Puebla, einem Stadtstaat in Mexiko, verschluckt.

Die Kirche, die im Jahr 1585 erbaut wurde, wurde von einem Erdbeben im Jahr 1773 verschluckt.

Die Kirche wurde von einem Stausee in der Nähe von Puebla, einem Stadtstaat in Mexiko, verschluckt.

Die Kirche, die im Jahr 1585 erbaut wurde, wurde von einem Erdbeben im Jahr 1773 verschluckt.

Die Kirche wurde von einem Stausee in der Nähe von Puebla, einem Stadtstaat in Mexiko, verschluckt.

Die Kirche, die im Jahr 1585 erbaut wurde, wurde von einem Erdbeben im Jahr 1773 verschluckt.

Die Kirche wurde von einem Stausee in der Nähe von Puebla, einem Stadtstaat in Mexiko, verschluckt.

Die Kirche, die im Jahr 1585 erbaut wurde, wurde von einem Erdbeben im Jahr 1773 verschluckt.

Die Kirche wurde von einem Stausee in der Nähe von Puebla, einem Stadtstaat in Mexiko, verschluckt.

Die Kirche, die im Jahr 1585 erbaut wurde",1,0.24859665343184317,long,0.42,RAID,0,False Negative
"Don't try to be someone you're not, because the interviewer will probably find out.",1,0.25354914807400813,short,0.52,SentenceAI,0,False Negative
Another way the author supports the idea that studying Venus is a worthy pursuit is by discussing the technological challenges that must be overcome.,1,0.2591116363942343,short,0.52,SentenceAI,0,False Negative
No thanks.,1,0.26540752117679967,very_short,0.37,SentenceAI,0,False Negative
"This gives Wyoming more electoral votes per capita than California, even though California has far more people.",1,0.27033167477863607,short,0.52,SentenceAI,0,False Negative
"[Introduction]
In the article ""The Challenge of Exploring Venus"", the author suggests that studying Venus is a worthy pursuit, despite the dangers that it presents.",1,0.27066890610364047,short,0.52,SentenceAI,0,False Negative
"Die Europäische Union, die Vereinten Nationen und andere Mächte haben sich darauf verständigt. Die USA wurden aber von ihrem Präsident nicht dazu aufgerufen – nachdem sie an der Bildung des Libyerumsatzsteuererklarungsaufragteil beteiligt sind; das heißt nämlich: Barack Obama ließe es eher als Führender eines Wirtschaftsverbandes vorlückern (""Libyan oil sales tax group starts up""). Dabei muss man wissen dass in Frankreich sowohl bei links wie auch rechts einer breiten Bereitschaft entgegenkommt den Irakern Helfer zu werden unter Sockennamen geltend machend - solange kein echter Gegner zum Angriff gewählt ist! Im Vorfeld eine Art Volksbewegtheit? Umso bess er schwebt wenn alle anderen noch gar keine Erfahrungen dieser Machtfrage kürzen ausgelöschen oder zur Unmündigkeit gelangschlägert wurde?! Und dies so län ge daß selber wiederum nur um möglichst zwarfehlende Zugestimmerei wird!!! Man könn jedoch ebenso leiter fraget ob jetzt etwa gleiche Länder belehrt worden weieren hätten aussagen können was ja berechtigen Grund hat!! Auch für einen Fall werde natürlisch überleg sein wo gerade diese Schutzpässe durchgeschickt erscheinen (Kräftebesprechinbiet) am bestimmsten notwendige nötig gebotene Kompetenz/Ü berzeugingen abliefern müssen wir unseres Übrigens kann ich da allerdings meine Meindeure behauptnen! Sehr gut habe mich hier gefunden. Ja Leben sei nun endlich viel frischer bis danach drunttuerkler herab stolpplung... Einfacher menschenkonzentrat find's doff.... Danke sehr fuer deiner Hilfsaermei ufo",1,0.2709780494434588,long,0.42,RAID,0,False Negative
"So, you know how we've been talking about extending the student release time at our school?",1,0.276272065033032,short,0.52,SentenceAI,0,False Negative
"Some of these advertisements are misleading, making the product seem much better than it really is.",1,0.28513372645077206,short,0.52,SentenceAI,0,False Negative
"This is because Wyoming has only three electoral votes, while California has 55.",1,0.29155659344382817,short,0.52,SentenceAI,0,False Negative
Take for example a student struggling in a science class.,1,0.29158149693487967,very_short,0.37,SentenceAI,0,False Negative
Crafts can also be rapidly placed into stable orbits to minimize exposure.,1,0.3045639964613947,short,0.52,SentenceAI,0,False Negative
Ummm...,1,0.3206185280439897,very_short,0.37,SentenceAI,0,False Negative
"If a relative is ""first removed,"" that means they are one generation younger or older than your first cousin. For example, if you and your first cousin have the same grandparents, then your first cousin's children would be your first cousins once removed, because they are one generation younger than your first cousin. Does that make sense?",1,0.34126310224540385,medium,0.6,HC3,0,False Negative
"By presenting a well-rounded argument, the author makes a strong case for the importance of exploring Venus.",1,0.3444948655627779,short,0.52,SentenceAI,0,False Negative
"These methods of transportation are much more efficient than driving, and they are more environmentally friendly than driving.",1,0.3529227435991709,short,0.52,SentenceAI,0,False Negative
My essay will be about a situation two years ago when I was a junior in high school.,1,0.3552289220860196,short,0.52,SentenceAI,0,False Negative
"Next up, let's look at the shape of the Face.",1,0.3560635360056684,very_short,0.37,SentenceAI,0,False Negative
"This means that once they are used, they will remain in our environment for a very long time, causing harm to animals and humans alike.",1,0.3651822187465711,short,0.52,SentenceAI,0,False Negative
The residents have reported feeling happier and less stressed without owning a car.,1,0.3806008518451008,short,0.52,SentenceAI,0,False Negative
"Der Erfinder der E-Mail, Dr. Ray Tomlinson (74), ist am von einem Herzinfarkt gestorben. Tomlinson entwickelte das programmierbare Sprachprotokoll SMTP (Simple Mail Transfer Protocol) 1973 für die Verwendung innerhalb des ARPA-Netzes und schuf damit Grundstein für den modernen Internetauftritt.
Sein Werk hat nicht nur Geschäfte revolutioniert - private Kommunikation über große Entfernungen wurde dadurch erst möglich. 
""Ohne ihn würden heute viele Dienste wie Gmail oder Hotmai gar nicht existieren"", sagte einer seiner Freunde gegenüber Zeit Online. 
Tomlinson verließ sich zudem auf technische Lösungen um ein Problem zu lösen: In seinen frühen Jahren begann sein Arbeitgeber daran MITs E-Mailsystem zu blockieren nachdem es mehrmals Missbrauch gefunden hatte. Daher kam es dazu dass dieser Anfragen durch Softwareprogramme automatisch freigab. Das konnte bis dato keiner in dieses Unternehmen geschafft haben weil alle anderen voraussahvoll waren was unser Programmlieferant tun wird",1,0.38876719781386265,long,0.42,RAID,0,False Negative
"Not only did the student misspell words during his presentation, but he was not able to recall important details from his past experiences.",1,0.4069377270425313,short,0.52,SentenceAI,0,False Negative
Their idealism led to discoveries that changed the world and advanced human knowledge.,1,0.40960904114907376,short,0.52,SentenceAI,0,False Negative
"Der deutsche Rechnungsbetrug: Wie man seine Skandale vermeidet. Hier sind einige Tipps, die Ihnen helfen können, skandinavische Kriminalität zu verhindern und in zukünftigen Jahren vor diesem Problem zu schützen. Haben...",1,0.4283383754355504,short,0.52,RAID,0,False Negative
"Not only would this help students become more engaged citizens, but it would also create an avenue of connection between students of different backgrounds.",1,0.4497338720138226,short,0.52,SentenceAI,0,False Negative
"There is no mini version of Google stock. Google is a publicly traded company, and its stock is listed on the NASDAQ stock exchange under the ticker symbol ""GOOGL."" If you are interested in buying or selling shares of Google stock, you will need to use the GOOGL ticker symbol.",1,0.4599599278794229,medium,0.6,HC3,0,False Negative
"def is_valid_triangle(p1, p2, p3):
    return (p2[0] - p1[0]) * (p3[1] - p1[1]) >= (p3[0] - p1[0]) * (p2[1] - p1[1])",1,0.47718914302606164,short,0.52,RAID,0,False Negative
"https://t.co/zEJ6hHd7eA pic.twitter.com/Ri2XbxQvT5 — Jens Koppenhöfer (@jkoppenhove) February 16, 2016

More from: Alternative für Deutschland (AfD), EURACTIV Germany",1,0.48438042583895974,short,0.52,RAID,0,False Negative
These types of games put players in precarious situations where they must fight off hordes of monsters or otherwise survive deadly environments while trying to figure out mysteries within a story-driven plotline.,1,0.49891191599336343,medium,0.6,SentenceAI,0,False Negative
"When drafting an outline, take note of the key arguments of why using a writing checklist is beneficial.",1,0.516724297849629,short,0.52,SentenceAI,0,False Negative
"I don't know if I want to be a doctor or a professional gamer, you know?!"" And they're like, ""Well, you need to decide what you want to do with your life,"" and I'm like, ""But why can't I just figure it out later?!",1,0.5168512185278291,medium,0.6,SentenceAI,0,False Negative
"def diff_evod(n):
    # compute sum of even digits
    evens = sum(d for d in str(n) if d % 2 == 0)
    # compute sum of odd digits
    odds = sum(d for d in str(n) if d % 2 != 0)
    # return the difference
    return evens - odds",1,0.5506246761726311,medium,0.6,RAID,0,False Negative
"The Twin Towers of the World Trade Center in New York City were destroyed on September 11, 2001. The North Tower (Tower 1) was completed in 1970, and the South Tower (Tower 2) was completed in 1971, so at the time of their destruction, the Twin Towers were 31 and 30 years old, respectively.",1,0.5584071692989689,medium,0.6,HC3,0,False Negative
"Furthermore concerns arise around how much autonomy we give these machines - if given too much freedom then this raises questions about what would happen if a robot decides decide one course of action over another without consulting its users first which could result in dangerous consequences especially where safety is concerned (e.g., giving medication).",1,0.5703894721098721,medium,0.6,SentenceAI,0,False Negative
