text,label,prediction,probability,applied_threshold,length_group,dataset,error_type,code_likelihood,contraction_density,pronoun_density,transition_ratio,token_entropy,non_ascii_ratio,is_german_indicator,transition
"As president, Reagan implemented sweeping new political and economic initiatives.",0,1,0.8107260950733812,0.49,very_short,HC3,False Positive,0.0,0.0,0.0,0.0,2.9219282,0.0,0.0,persistent_FP
A flat tax is more hurtful to lower incomes,0,1,0.6278582049081001,0.49,very_short,HC3,False Positive,0.0,0.0,0.0,0.0,2.5032582,0.0,0.0,persistent_FP
"The acronym originally stood for Supreme Headquarters, International Espionage, Law-Enforcement Division.",0,1,0.8296262243510781,0.53,short,HC3,False Positive,0.0,0.0,0.0,0.0,2.732159,0.0,0.0,persistent_FP
"Armando Pérez (born January 15, 1981), better known by his stage name Pitbull, is an American rapper, songwriter, and record producer.",0,1,0.9740439197144978,0.53,short,HC3,False Positive,0.0,0.0,0.0,0.0,3.0104342,0.0074626864,0.0,persistent_FP
Most jewish holidays are more cultural than they are biblical .,0,1,0.6347871222571089,0.53,short,HC3,False Positive,0.0,0.0,0.09090909,0.0,2.1180782,0.0,0.0,persistent_FP
"Signal processing is an electrical engineering subfield that focuses on analyzing, modifying and synthesizing signals, such as sound, images, and scientific measurements. Signal processing techniques are used to optimize transmissions, digital storage efficiency, correcting distorted signals, subjective video quality and to also detect or pinpoint components of interest in a measured signal.",0,1,0.9923885009280919,0.64,medium,HC3,False Positive,0.0,0.0,0.0,0.0,3.3885183,0.0,0.0,persistent_FP
Cut your own typically means that the land has to be maintained and kept up and the trees taken care of and they are fresh . Pre - Cut trees come from out of the area where costs are less and they are more focused on selling quantities and not quality . Plus they are older .,0,1,0.70742528888477,0.64,medium,HC3,False Positive,0.0,0.0,0.07017544,0.0,2.5297627,0.0,0.0,persistent_FP
"The Westphalian Treaty 1648 set up the principle that all states should be sovereign within their own right and allowed to set up a system to rule their own state . This system essentially set up for a long peace allowing for the national pride others have mentioned , thus locking us in a system of separate sovereign nations .",0,1,0.6649172838845213,0.64,medium,HC3,False Positive,0.0,0.0,0.05,0.016666668,3.1447291,0.0,0.0,persistent_FP
"Cortana is a virtual assistant developed by Microsoft that uses the Bing search engine to perform tasks such as setting reminders and answering questions for the user.
Cortana is currently available in English, Portuguese, French, German, Italian, Spanish, Chinese, and Japanese language editions, depending on the software platform and region in which it is used.
Microsoft began reducing the prevalence of Cortana and converting it from an assistant into different software integrations in 2019. It was split from the Windows 10 search bar in April 2019.[10] In January 2020, the Cortana mobile app was removed from certain markets,[11][12] and on March 31, 2021, the Cortana mobile app was shut down globally.[13]",0,1,0.9513194894303922,0.59,long,HC3,False Positive,0.0,0.0,0.0,0.0,3.2290356,0.0,0.0,persistent_FP
"The Twin Towers of the World Trade Center in New York City were destroyed on September 11, 2001. The North Tower (Tower 1) was completed in 1970, and the South Tower (Tower 2) was completed in 1971, so at the time of their destruction, the Twin Towers were 31 and 30 years old, respectively.",1,0,0.6202092668857249,0.64,medium,HC3,False Negative,0.0,0.0,0.018518519,0.0,2.6492858,0.0,0.0,persistent_FN
"If a relative is ""first removed,"" that means they are one generation younger or older than your first cousin. For example, if you and your first cousin have the same grandparents, then your first cousin's children would be your first cousins once removed, because they are one generation younger than your first cousin. Does that make sense?",1,0,0.4449594257012813,0.64,medium,HC3,False Negative,0.0,0.0,0.14035088,0.0,2.973753,0.0,0.0,persistent_FN
"There is no mini version of Google stock. Google is a publicly traded company, and its stock is listed on the NASDAQ stock exchange under the ticker symbol ""GOOGL."" If you are interested in buying or selling shares of Google stock, you will need to use the GOOGL ticker symbol.",1,0,0.3808726720534035,0.64,medium,HC3,False Negative,0.0,0.0,0.04,0.0,2.767692,0.0,0.0,persistent_FN
"When you yawn, your body is trying to get more oxygen. To do this, your chest expands and your lungs fill up with air. The muscles around your eyes may also stretch and cause your eyes to water. This is a normal bodily response and is nothing to be worried about. It's just your body's way of trying to get more oxygen and keep you healthy. So if your eyes water when you yawn, it's not because you're crying, it's just a normal part of the yawning process.",1,0,0.23145021882324057,0.59,long,HC3,False Negative,0.0,0.045454547,0.125,0.0,2.6721847,0.0,0.0,persistent_FN
"def Diff(li1,li2):
    return (list(list(set(li1)-set(li2)) + list(set(li2)-set(li1))))",0,1,0.713066018146926,0.49,very_short,RAID,False Positive,1.0,0.0,0.0,0.0,2.5849626,0.0,0.0,persistent_FP
"def max_sum_list(lists):
 return max(lists, key=sum)",0,1,0.7820021401639905,0.49,very_short,RAID,False Positive,1.0,0.0,0.0,0.0,2.321928,0.0,0.0,persistent_FP
"def previous_palindrome(num):
    for x in range(num-1,0,-1):
        if str(x) == str(x)[::-1]:
            return x",0,1,0.7092883511916378,0.53,short,RAID,False Positive,1.0,0.0,0.0,0.0,2.688722,0.0,0.0,persistent_FP
"def Odd_Length_Sum(arr):
    Sum = 0
    l = len(arr)
    for i in range(l):
        Sum += ((((i + 1) *(l - i) + 1) // 2) * arr[i])
    return Sum",0,1,0.5397555099116674,0.53,short,RAID,False Positive,1.0,0.0,0.14285715,0.0,2.5326912,0.0,0.0,persistent_FP
"def remove_empty(tuple1): #L = [(), (), ('',), ('a', 'b'), ('a', 'b', 'c'), ('d')]
   tuple1 = [t for t in tuple1 if t]
   return tuple1",0,1,0.6202051672283563,0.53,short,RAID,False Positive,1.0,0.0,0.0,0.0,2.6420796,0.0,0.0,persistent_FP
"def count_Digit(n):
    count = 0
    while n != 0:
        n //= 10
        count += 1
    return count",0,1,0.9497328123502378,0.53,short,RAID,False Positive,1.0,0.0,0.0,0.0,2.3457193,0.0,0.0,persistent_FP
"import re
def find_character(string):
  uppercase_characters = re.findall(r""[A-Z]"", string) 
  lowercase_characters = re.findall(r""[a-z]"", string) 
  numerical_characters = re.findall(r""[0-9]"", string) 
  special_characters = re.findall(r""[, .!?]"", string) 
  return uppercase_characters, lowercase_characters, numerical_characters, special_characters",0,1,0.6543350416961421,0.53,short,RAID,False Positive,1.0,0.0,0.0,0.0,3.0458417,0.0,0.0,persistent_FP
"def decimal_To_Binary(N): 
    B_Number = 0
    cnt = 0
    while (N != 0): 
        rem = N % 2
        c = pow(10,cnt)  
        B_Number += rem*c  
        N //= 2 
        cnt += 1
    return B_Number",0,1,0.6652247936798542,0.64,medium,RAID,False Positive,1.0,0.0,0.0,0.0,2.4261196,0.0,0.0,persistent_FP
"def check_triplet(A, n, sum, count):
    if count == 3 and sum == 0:
        return True
    if count == 3 or n == 0 or sum < 0:
        return False
    return check_triplet(A, n - 1, sum - A[n - 1], count + 1) or\
           check_triplet(A, n - 1, sum, count)",0,1,0.8315432510803594,0.64,medium,RAID,False Positive,1.0,0.0,0.0,0.0,2.6385405,0.0,0.0,persistent_FP
"https://t.co/zEJ6hHd7eA pic.twitter.com/Ri2XbxQvT5 — Jens Koppenhöfer (@jkoppenhove) February 16, 2016

More from: Alternative für Deutschland (AfD), EURACTIV Germany",1,0,0.4240258371925553,0.53,short,RAID,False Negative,0.0,0.0,0.0,0.0,3.2927701,0.018072288,1.0,persistent_FN
"Mitte Oktober plant Präsident David Cameron, automobilhersteller in Großbritannien anzutreiben. Dafür wird er eine neue Konferenz zur Unterstützung der Automobilindustrie veranstalten und die Einschränkungen im Hinblick auf den CO2-Ausstoß fördern. Außenminister William Hague gehört zudem zu ihnen, welcher künftig ein Autoherstellungsprogramm einführen möchte, das es aus britischen Rohstoffen gemachte Fahrzeuge bewirbt.</p>",1,0,0.15122836297295575,0.64,medium,RAID,False Negative,0.0,0.0,0.0,0.0,3.7357948,0.028103044,1.0,persistent_FN
"Die Europäische Union, die Vereinten Nationen und andere Mächte haben sich darauf verständigt. Die USA wurden aber von ihrem Präsident nicht dazu aufgerufen – nachdem sie an der Bildung des Libyerumsatzsteuererklarungsaufragteil beteiligt sind; das heißt nämlich: Barack Obama ließe es eher als Führender eines Wirtschaftsverbandes vorlückern (""Libyan oil sales tax group starts up""). Dabei muss man wissen dass in Frankreich sowohl bei links wie auch rechts einer breiten Bereitschaft entgegenkommt den Irakern Helfer zu werden unter Sockennamen geltend machend - solange kein echter Gegner zum Angriff gewählt ist! Im Vorfeld eine Art Volksbewegtheit? Umso bess er schwebt wenn alle anderen noch gar keine Erfahrungen dieser Machtfrage kürzen ausgelöschen oder zur Unmündigkeit gelangschlägert wurde?! Und dies so län ge daß selber wiederum nur um möglichst zwarfehlende Zugestimmerei wird!!! Man könn jedoch ebenso leiter fraget ob jetzt etwa gleiche Länder belehrt worden weieren hätten aussagen können was ja berechtigen Grund hat!! Auch für einen Fall werde natürlisch überleg sein wo gerade diese Schutzpässe durchgeschickt erscheinen (Kräftebesprechinbiet) am bestimmsten notwendige nötig gebotene Kompetenz/Ü berzeugingen abliefern müssen wir unseres Übrigens kann ich da allerdings meine Meindeure behauptnen! Sehr gut habe mich hier gefunden. Ja Leben sei nun endlich viel frischer bis danach drunttuerkler herab stolpplung... Einfacher menschenkonzentrat find's doff.... Danke sehr fuer deiner Hilfsaermei ufo",1,0,0.16048000906238596,0.59,long,RAID,False Negative,0.3,0.0,0.0,0.0,3.5388243,0.020381328,1.0,persistent_FN
Not take away activities.,0,1,0.5051488318008068,0.49,very_short,SentenceAI,False Positive,0.0,0.0,0.0,0.0,1.5,0.0,0.0,persistent_FP
"As well, creativity stems from a sense of individuality.",0,1,0.8979466763220793,0.49,very_short,SentenceAI,False Positive,0.0,0.0,0.0,0.0,2.4193819,0.0,0.0,persistent_FP
Due to increasing crime rates caused by the U.S. economy.,0,1,0.5476580143445353,0.49,very_short,SentenceAI,False Positive,0.0,0.0,0.0,0.0,2.7219281,0.0,0.0,persistent_FP
"It's outdated,unfair,and irrational.",0,1,0.8626319551126759,0.49,very_short,SentenceAI,False Positive,0.0,0.33333334,0.0,0.0,1.5849625,0.0,0.0,persistent_FP
stewartlawoffices.,0,1,0.5943818968689923,0.49,very_short,SentenceAI,False Positive,0.0,0.0,0.0,0.0,0.0,0.0,0.0,persistent_FP
Time management is essential for a successful live.,0,1,0.9437196323542071,0.49,very_short,SentenceAI,False Positive,0.0,0.0,0.0,0.0,2.75,0.0,0.0,persistent_FP
I don't like math.,0,1,0.8892018830466991,0.49,very_short,SentenceAI,False Positive,0.0,0.25,0.25,0.0,1.5,0.0,0.0,persistent_FP
there are many activities.,0,1,0.7438031951420176,0.49,very_short,SentenceAI,False Positive,0.0,0.0,0.0,0.0,2.0,0.0,0.0,persistent_FP
Why can't we?,0,1,0.912120834610416,0.49,very_short,SentenceAI,False Positive,0.0,0.33333334,0.33333334,0.0,0.91829586,0.0,0.0,persistent_FP
Albert Einstein was a dropout and failed 3 grades.,0,1,0.8620184468517912,0.49,very_short,SentenceAI,False Positive,0.0,0.0,0.0,0.0,2.2810361,0.0,0.0,persistent_FP
"Since I was thinking harder, I began to work harder.",0,1,0.7325151970048546,0.49,very_short,SentenceAI,False Positive,0.0,0.0,0.2,0.0,2.7219281,0.0,0.0,persistent_FP
"Limiting car usage has several very influential advantages, such as increasing mental health, reducing air pollution, and eliminating problems associated with traffic.",0,1,0.9865428066180983,0.53,short,SentenceAI,False Positive,0.0,0.0,0.0,0.0,2.992856,0.0,0.0,persistent_FP
Self-confidence is really important for people to feel good about their own selves.,0,1,0.9887095003981874,0.53,short,SentenceAI,False Positive,0.3,0.0,0.07692308,0.0,2.9312088,0.0,0.0,persistent_FP
"In the popular vote system, the head of state and or government is elected by the majority of the nation.",0,1,0.7986462000712933,0.53,short,SentenceAI,False Positive,0.0,0.0,0.0,0.0,2.4659574,0.0,0.0,persistent_FP
"In conclusion, student designed projects have many benefits that can help them succeed in life and improve oneself.",0,1,0.784301567564301,0.53,short,SentenceAI,False Positive,0.0,0.0,0.055555556,0.055555556,2.3774438,0.0,0.0,persistent_FP
"For example, when I use to play baseball, I could not hit the ball as far as my friends did.",0,1,0.7839422601805951,0.53,short,SentenceAI,False Positive,0.0,0.0,0.15,0.0,2.6464393,0.0,0.0,persistent_FP
"Another issue is that sometimes in a close election, the popular vote winner could lose the presidency.",0,1,0.8210821456202897,0.53,short,SentenceAI,False Positive,0.0,0.0,0.0,0.0,3.057476,0.0,0.0,persistent_FP
"The decrease in car commuting may find reason in the recession, and it may become a new habit.",0,1,0.7864617414900749,0.53,short,SentenceAI,False Positive,0.0,0.0,0.0,0.0,2.549855,0.0,0.0,persistent_FP
"For example, a cook is trying to do new dishes from differents cultures.",0,1,0.6549078827980392,0.53,short,SentenceAI,False Positive,0.0,0.0,0.0,0.0,2.8731406,0.0,0.0,persistent_FP
But that tradition stopped when he got too old to play and I started to have more frequent basketball practice and training.,0,1,0.8219701521165674,0.53,short,SentenceAI,False Positive,0.0,0.0,0.045454547,0.0,2.7378724,0.0,0.0,persistent_FP
"And while it is near voting times, I believed it's best for me to send you my side on this continuous debate to change your mind on the matter.",0,1,0.7393728851061425,0.53,short,SentenceAI,False Positive,0.0,0.03448276,0.1724138,0.0,2.6510844,0.0,0.0,persistent_FP
"In addition, another problem that arises due to the Electoral College is that people may feel disencouraged to vote.",0,1,0.9186937483246135,0.53,short,SentenceAI,False Positive,0.0,0.0,0.0,0.05263158,2.8655767,0.0,0.0,persistent_FP
"Pollution, Economy, and people's health are all a factor to limiting car usuage.",0,1,0.6334842807976637,0.53,short,SentenceAI,False Positive,0.0,0.0,0.0,0.0,2.5654483,0.0,0.0,persistent_FP
Students must feel as though they are in a calming environment in order to work efficiently.,0,1,0.679180676568158,0.53,short,SentenceAI,False Positive,0.0,0.0,0.0625,0.0,3.0,0.0,0.0,persistent_FP
"Also, if the student maintains a C or lower average, and they're in a tutoring session, I don't think it's fair that they're not allowed to participate in gym or other activities.",0,1,0.9321078065684107,0.64,medium,SentenceAI,False Positive,0.0,0.125,0.09375,0.0,3.0428379,0.0,0.0,persistent_FP
"""It's a good oppurtunity to take away stress and lower air pollution"" said a business man with the name of Carlos Arturo Plaza, as time has gone on other cities including Cali and Valleduar have participated in the event.",0,1,0.7079376310707042,0.64,medium,SentenceAI,False Positive,0.0,0.025641026,0.0,0.0,3.0098877,0.0,0.0,persistent_FP
What do you think?,1,0,0.07965185539157588,0.49,very_short,SentenceAI,False Negative,0.0,0.0,0.25,0.0,2.0,0.0,0.0,persistent_FN
No thanks.,1,0,0.3516580925784688,0.49,very_short,SentenceAI,False Negative,0.0,0.0,0.0,0.0,1.0,0.0,0.0,persistent_FN
Summer Vacation vs.,1,0,0.4031442074237227,0.49,very_short,SentenceAI,False Negative,0.0,0.0,0.0,0.0,1.5849625,0.0,0.0,persistent_FN
Our lives would be so boring and predictable.,1,0,0.19012975891817074,0.49,very_short,SentenceAI,False Negative,0.0,0.0,0.125,0.0,2.25,0.0,0.0,persistent_FN
"Meat, its something we all love to eat.",1,0,0.11397130221971699,0.49,very_short,SentenceAI,False Negative,0.0,0.0,0.125,0.0,2.25,0.0,0.0,persistent_FN
Take for example a student struggling in a science class.,1,0,0.13072463186062208,0.49,very_short,SentenceAI,False Negative,0.0,0.0,0.0,0.0,2.6464393,0.0,0.0,persistent_FN
"Next up, let's look at the shape of the Face.",1,0,0.2864964716819383,0.49,very_short,SentenceAI,False Negative,0.0,0.1,0.0,0.0,1.9709506,0.0,0.0,persistent_FN
"But now we have cars, buses, trains, and planes!",1,0,0.259385193158009,0.49,very_short,SentenceAI,False Negative,0.0,0.0,0.11111111,0.0,2.4193819,0.0,0.0,persistent_FN
One way is to walk or bike instead of driving.,1,0,0.3713526800870219,0.49,very_short,SentenceAI,False Negative,0.0,0.0,0.0,0.0,2.121928,0.0,0.0,persistent_FN
This gave me a better idea of which option would be better for me in the long run.,1,0,0.1309513261009919,0.53,short,SentenceAI,False Negative,0.1388889,0.0,0.11111111,0.0,2.3935823,0.0,0.0,persistent_FN
"These methods of transportation are much more efficient than driving, and they are more environmentally friendly than driving.",1,0,0.24665764181162572,0.53,short,SentenceAI,False Negative,0.0,0.0,0.055555556,0.0,2.77995,0.0,0.0,persistent_FN
The residents have reported feeling happier and less stressed without owning a car.,1,0,0.4667231130926392,0.53,short,SentenceAI,False Negative,0.0,0.0,0.0,0.0,2.6612263,0.0,0.0,persistent_FN
"This gives Wyoming more electoral votes per capita than California, even though California has far more people.",1,0,0.18973771029881803,0.53,short,SentenceAI,False Negative,0.0,0.0,0.0,0.0,2.7719023,0.0,0.0,persistent_FN
Their idealism led to discoveries that changed the world and advanced human knowledge.,1,0,0.3672380117829963,0.53,short,SentenceAI,False Negative,0.0,0.0,0.07692308,0.0,2.8150723,0.0,0.0,persistent_FN
"They should not take everything at face value, and they should always do their research before making a purchase.",1,0,0.014970808825649834,0.53,short,SentenceAI,False Negative,0.0,0.0,0.15789473,0.0,2.8000445,0.0,0.0,persistent_FN
"Don't try to be someone you're not, because the interviewer will probably find out.",1,0,0.3303338035186745,0.53,short,SentenceAI,False Negative,0.0,0.14285715,0.071428575,0.0,2.807355,0.0,0.0,persistent_FN
Body Paragraph 3: The third reason why the Face is a natural landform is that it has been studied by scientists for many years.,1,0,0.04630489154565726,0.53,short,SentenceAI,False Negative,0.0,0.0,0.0,0.0,2.9670908,0.0,0.0,persistent_FN
Another way the author supports the idea that studying Venus is a worthy pursuit is by discussing the technological challenges that must be overcome.,1,0,0.22895360177220458,0.53,short,SentenceAI,False Negative,0.0,0.0,0.0,0.0,3.251629,0.0,0.0,persistent_FN
"The brainpower used to converse or listen can still take the place of, and delay, reactions needed for safe vehicle operation.",1,0,0.11580800656603982,0.53,short,SentenceAI,False Negative,0.0,0.0,0.0,0.0,2.915196,0.0,0.0,persistent_FN
"Some of these advertisements are misleading, making the product seem much better than it really is.",1,0,0.23697268823757228,0.53,short,SentenceAI,False Negative,0.0,0.0,0.0,0.0,2.7806392,0.0,0.0,persistent_FN
"This is because Wyoming has only three electoral votes, while California has 55.",1,0,0.17280830899080293,0.53,short,SentenceAI,False Negative,0.0,0.0,0.0,0.0,2.8731406,0.0,0.0,persistent_FN
"By presenting a well-rounded argument, the author makes a strong case for the importance of exploring Venus.",1,0,0.24823208874781655,0.53,short,SentenceAI,False Negative,0.3,0.0,0.0,0.0,3.057476,0.0,0.0,persistent_FN
"Not only did the student misspell words during his presentation, but he was not able to recall important details from his past experiences.",1,0,0.48318778890561553,0.53,short,SentenceAI,False Negative,0.3,0.0,0.0,0.0,2.871388,0.0,0.0,persistent_FN
"This means that once they are used, they will remain in our environment for a very long time, causing harm to animals and humans alike.",1,0,0.2806525984594614,0.53,short,SentenceAI,False Negative,0.0,0.0,0.12,0.0,2.6422923,0.0,0.0,persistent_FN
"[Introduction]
In the article ""The Challenge of Exploring Venus"", the author suggests that studying Venus is a worthy pursuit, despite the dangers that it presents.",1,0,0.19053049798605876,0.53,short,SentenceAI,False Negative,0.0,0.0,0.0,0.0,3.1630743,0.0,0.0,persistent_FN
"In conclusion, I think that using the Facial Action Coding System in a classroom could be very useful if implemented correctly.",1,0,0.21303594532716477,0.53,short,SentenceAI,False Negative,0.0,0.0,0.04761905,0.04761905,2.9463875,0.0,0.0,persistent_FN
My essay will be about a situation two years ago when I was a junior in high school.,1,0,0.16943198778765947,0.53,short,SentenceAI,False Negative,0.0,0.0,0.11111111,0.0,2.849123,0.0,0.0,persistent_FN
"So, I decided to do some research and talk to my counselor to see what's what.",1,0,0.1132466037702237,0.53,short,SentenceAI,False Negative,0.0,0.0625,0.125,0.0,2.852217,0.0,0.0,persistent_FN
"Not only would this help students become more engaged citizens, but it would also create an avenue of connection between students of different backgrounds.",1,0,0.3904728431017035,0.53,short,SentenceAI,False Negative,0.0,0.0,0.0,0.0,3.1531072,0.0,0.0,persistent_FN
Crafts can also be rapidly placed into stable orbits to minimize exposure.,1,0,0.2752970477254157,0.53,short,SentenceAI,False Negative,0.0,0.0,0.0,0.0,2.5849626,0.0,0.0,persistent_FN
"So, you know how we've been talking about extending the student release time at our school?",1,0,0.3146129492675056,0.53,short,SentenceAI,False Negative,0.0,0.0625,0.1875,0.0,2.352217,0.0,0.0,persistent_FN
These types of games put players in precarious situations where they must fight off hordes of monsters or otherwise survive deadly environments while trying to figure out mysteries within a story-driven plotline.,1,0,0.40802736888992447,0.64,medium,SentenceAI,False Negative,0.0,0.0,0.03125,0.0,3.2425365,0.0,0.0,persistent_FN
The Electoral College was created in 1787 as a compromise between those who wanted the president to be elected by Congress and those who wanted the president to be elected by a popular vote of the people.,1,0,0.5209828923041722,0.64,medium,SentenceAI,False Negative,0.0,0.0,0.0,0.0,2.913894,0.0,0.0,persistent_FN
"In Elisabeth Rosenthal's article ""The End of Car Culture,"" she highlights the decrease in car ownership, fewer miles driven, and a decline in the number of licenses being acquired in the United States.",1,0,0.38660838723489965,0.64,medium,SentenceAI,False Negative,0.0,0.0,0.0,0.0,3.1347108,0.0,0.0,persistent_FN
