text,label,prediction,probability,applied_threshold,length_group,dataset,error_type,code_likelihood,contraction_density,pronoun_density,transition_ratio,token_entropy,non_ascii_ratio,is_german_indicator
"The Twin Towers of the World Trade Center in New York City were destroyed on September 11, 2001. The North Tower (Tower 1) was completed in 1970, and the South Tower (Tower 2) was completed in 1971, so at the time of their destruction, the Twin Towers were 31 and 30 years old, respectively.",1,0,0.6202092668857249,0.64,medium,HC3,False Negative,0.0,0.0,0.018518519,0.0,2.6492858,0.0,0.0
"If a relative is ""first removed,"" that means they are one generation younger or older than your first cousin. For example, if you and your first cousin have the same grandparents, then your first cousin's children would be your first cousins once removed, because they are one generation younger than your first cousin. Does that make sense?",1,0,0.4449594257012813,0.64,medium,HC3,False Negative,0.0,0.0,0.14035088,0.0,2.973753,0.0,0.0
"There is no mini version of Google stock. Google is a publicly traded company, and its stock is listed on the NASDAQ stock exchange under the ticker symbol ""GOOGL."" If you are interested in buying or selling shares of Google stock, you will need to use the GOOGL ticker symbol.",1,0,0.3808726720534035,0.64,medium,HC3,False Negative,0.0,0.0,0.04,0.0,2.767692,0.0,0.0
"When you yawn, your body is trying to get more oxygen. To do this, your chest expands and your lungs fill up with air. The muscles around your eyes may also stretch and cause your eyes to water. This is a normal bodily response and is nothing to be worried about. It's just your body's way of trying to get more oxygen and keep you healthy. So if your eyes water when you yawn, it's not because you're crying, it's just a normal part of the yawning process.",1,0,0.23145021882324057,0.59,long,HC3,False Negative,0.0,0.045454547,0.125,0.0,2.6721847,0.0,0.0
"def camel_to_snake(camelCaseString):
    words = camelCaseString.split(' ')
    snake_case_string = '_'.join(word.lower() for word in words)
    return snake_case_string",1,0,0.4679607567215686,0.53,short,RAID,False Negative,1.0,0.0,0.0,0.0,3.240224,0.0,0.0
"https://t.co/zEJ6hHd7eA pic.twitter.com/Ri2XbxQvT5 — Jens Koppenhöfer (@jkoppenhove) February 16, 2016

More from: Alternative für Deutschland (AfD), EURACTIV Germany",1,0,0.4240258371925553,0.53,short,RAID,False Negative,0.0,0.0,0.0,0.0,3.2927701,0.018072288,1.0
"def is_valid_triangle(p1, p2, p3):
    return (p2[0] - p1[0]) * (p3[1] - p1[1]) >= (p3[0] - p1[0]) * (p2[1] - p1[1])",1,0,0.4742455287442207,0.53,short,RAID,False Negative,1.0,0.0,0.0,0.0,2.019973,0.0,0.0
"Mitte Oktober plant Präsident David Cameron, automobilhersteller in Großbritannien anzutreiben. Dafür wird er eine neue Konferenz zur Unterstützung der Automobilindustrie veranstalten und die Einschränkungen im Hinblick auf den CO2-Ausstoß fördern. Außenminister William Hague gehört zudem zu ihnen, welcher künftig ein Autoherstellungsprogramm einführen möchte, das es aus britischen Rohstoffen gemachte Fahrzeuge bewirbt.</p>",1,0,0.15122836297295575,0.64,medium,RAID,False Negative,0.0,0.0,0.0,0.0,3.7357948,0.028103044,1.0
"def kth_element(arr1, arr2, k):
    i = 0
    j = 0
    while i < len(arr1) and j < len(arr2):
        if arr1[i] < arr2[j]:
            i += 1
        else:
            if k == 0:
                return arr1[i]
            k -= 1
            j += 1
    return arr2[j] if k == 0 else None",1,0,0.5448427520083031,0.64,medium,RAID,False Negative,1.0,0.0,0.10869565,0.0,2.6272023,0.0,0.0
"Der Erfinder der E-Mail, Dr. Ray Tomlinson (74), ist am von einem Herzinfarkt gestorben. Tomlinson entwickelte das programmierbare Sprachprotokoll SMTP (Simple Mail Transfer Protocol) 1973 für die Verwendung innerhalb des ARPA-Netzes und schuf damit Grundstein für den modernen Internetauftritt.
Sein Werk hat nicht nur Geschäfte revolutioniert - private Kommunikation über große Entfernungen wurde dadurch erst möglich. 
""Ohne ihn würden heute viele Dienste wie Gmail oder Hotmai gar nicht existieren"", sagte einer seiner Freunde gegenüber Zeit Online. 
Tomlinson verließ sich zudem auf technische Lösungen um ein Problem zu lösen: In seinen frühen Jahren begann sein Arbeitgeber daran MITs E-Mailsystem zu blockieren nachdem es mehrmals Missbrauch gefunden hatte. Daher kam es dazu dass dieser Anfragen durch Softwareprogramme automatisch freigab. Das konnte bis dato keiner in dieses Unternehmen geschafft haben weil alle anderen voraussahvoll waren was unser Programmlieferant tun wird",1,0,0.4948738111775524,0.59,long,RAID,False Negative,0.0,0.0,0.0,0.0,3.516924,0.012133468,1.0
"Die Europäische Union, die Vereinten Nationen und andere Mächte haben sich darauf verständigt. Die USA wurden aber von ihrem Präsident nicht dazu aufgerufen – nachdem sie an der Bildung des Libyerumsatzsteuererklarungsaufragteil beteiligt sind; das heißt nämlich: Barack Obama ließe es eher als Führender eines Wirtschaftsverbandes vorlückern (""Libyan oil sales tax group starts up""). Dabei muss man wissen dass in Frankreich sowohl bei links wie auch rechts einer breiten Bereitschaft entgegenkommt den Irakern Helfer zu werden unter Sockennamen geltend machend - solange kein echter Gegner zum Angriff gewählt ist! Im Vorfeld eine Art Volksbewegtheit? Umso bess er schwebt wenn alle anderen noch gar keine Erfahrungen dieser Machtfrage kürzen ausgelöschen oder zur Unmündigkeit gelangschlägert wurde?! Und dies so län ge daß selber wiederum nur um möglichst zwarfehlende Zugestimmerei wird!!! Man könn jedoch ebenso leiter fraget ob jetzt etwa gleiche Länder belehrt worden weieren hätten aussagen können was ja berechtigen Grund hat!! Auch für einen Fall werde natürlisch überleg sein wo gerade diese Schutzpässe durchgeschickt erscheinen (Kräftebesprechinbiet) am bestimmsten notwendige nötig gebotene Kompetenz/Ü berzeugingen abliefern müssen wir unseres Übrigens kann ich da allerdings meine Meindeure behauptnen! Sehr gut habe mich hier gefunden. Ja Leben sei nun endlich viel frischer bis danach drunttuerkler herab stolpplung... Einfacher menschenkonzentrat find's doff.... Danke sehr fuer deiner Hilfsaermei ufo",1,0,0.16048000906238596,0.59,long,RAID,False Negative,0.3,0.0,0.0,0.0,3.5388243,0.020381328,1.0
"Terrorangst in Deutschland: Alle müssen lernen

Nach dem heißen Debattenthemen ""Deutschland sucht Denker"" ist es Zeit für ein neues Thema im Fernsehen: ""Terrorangst in Deutschland - Alle müssen lernen"". Die Sendung wird am Donnerstag, den 15. März um 20:15 Uhr auf dem Kanal RTL ausgestrahlt werden.

In der Sendung wird die Frage diskutiert, wie die Bevölkerung gegen den Terrorismus vorgehen soll. Es gibt viele Meinungen darüber, wie man den Terrorismus bekämpfen kann, aber es ist klar, dass es keine einfache Lösung gibt. Einige meinen, dass die Polizei und die Geheimdienste mehr Macht benötigen, um den Terrorismus aufzuklären und zu bekämpfen. Andere meinen, dass es darauf ankommt, die Bevölkerung zu bewusstmachen und zu schulen, wie man sich gegen den Terrorismus wehren kann.

Der Moderator der Sendung, der bekannte Journalistin Anne Will, wird die Meinungen verschiedener Experten und Laien einholen und diskutieren. Es ist interessant zu sehen, welche Lösungen und Ansätze vorgeschlagen werden und ob es eine Einigung gibt.

Es ist wichtig, das Thema Terrorismus offen zu diskutieren, um zu verstehen, wie wir uns gegenüber dem Terrorismus verhalten sollten. Alle Menschen müssen lernen, wie sie sich wehren können, und es ist derzeit wichtiger denn je, dass wir das Thema diskutieren und Lösungen finden.

Wir raten allen, die Sendung am Donnerstag, den 15. März um 20:15 Uhr auf dem Kanal RTL nicht zu verpassen. Es wird eine interessante und aufschlussreiche Disk",1,0,0.5351476714416007,0.59,long,RAID,False Negative,0.0,0.0,0.0,0.0,3.271293,0.013504389,1.0
What do you think?,1,0,0.07965185539157588,0.49,very_short,SentenceAI,False Negative,0.0,0.0,0.25,0.0,2.0,0.0,0.0
No thanks.,1,0,0.3516580925784688,0.49,very_short,SentenceAI,False Negative,0.0,0.0,0.0,0.0,1.0,0.0,0.0
Summer Vacation vs.,1,0,0.4031442074237227,0.49,very_short,SentenceAI,False Negative,0.0,0.0,0.0,0.0,1.5849625,0.0,0.0
Our lives would be so boring and predictable.,1,0,0.19012975891817074,0.49,very_short,SentenceAI,False Negative,0.0,0.0,0.125,0.0,2.25,0.0,0.0
"Meat, its something we all love to eat.",1,0,0.11397130221971699,0.49,very_short,SentenceAI,False Negative,0.0,0.0,0.125,0.0,2.25,0.0,0.0
Take for example a student struggling in a science class.,1,0,0.13072463186062208,0.49,very_short,SentenceAI,False Negative,0.0,0.0,0.0,0.0,2.6464393,0.0,0.0
"Next up, let's look at the shape of the Face.",1,0,0.2864964716819383,0.49,very_short,SentenceAI,False Negative,0.0,0.1,0.0,0.0,1.9709506,0.0,0.0
"But now we have cars, buses, trains, and planes!",1,0,0.259385193158009,0.49,very_short,SentenceAI,False Negative,0.0,0.0,0.11111111,0.0,2.4193819,0.0,0.0
One way is to walk or bike instead of driving.,1,0,0.3713526800870219,0.49,very_short,SentenceAI,False Negative,0.0,0.0,0.0,0.0,2.121928,0.0,0.0
This gave me a better idea of which option would be better for me in the long run.,1,0,0.1309513261009919,0.53,short,SentenceAI,False Negative,0.1388889,0.0,0.11111111,0.0,2.3935823,0.0,0.0
"These methods of transportation are much more efficient than driving, and they are more environmentally friendly than driving.",1,0,0.24665764181162572,0.53,short,SentenceAI,False Negative,0.0,0.0,0.055555556,0.0,2.77995,0.0,0.0
The residents have reported feeling happier and less stressed without owning a car.,1,0,0.4667231130926392,0.53,short,SentenceAI,False Negative,0.0,0.0,0.0,0.0,2.6612263,0.0,0.0
"This gives Wyoming more electoral votes per capita than California, even though California has far more people.",1,0,0.18973771029881803,0.53,short,SentenceAI,False Negative,0.0,0.0,0.0,0.0,2.7719023,0.0,0.0
Their idealism led to discoveries that changed the world and advanced human knowledge.,1,0,0.3672380117829963,0.53,short,SentenceAI,False Negative,0.0,0.0,0.07692308,0.0,2.8150723,0.0,0.0
"They should not take everything at face value, and they should always do their research before making a purchase.",1,0,0.014970808825649834,0.53,short,SentenceAI,False Negative,0.0,0.0,0.15789473,0.0,2.8000445,0.0,0.0
"Don't try to be someone you're not, because the interviewer will probably find out.",1,0,0.3303338035186745,0.53,short,SentenceAI,False Negative,0.0,0.14285715,0.071428575,0.0,2.807355,0.0,0.0
Body Paragraph 3: The third reason why the Face is a natural landform is that it has been studied by scientists for many years.,1,0,0.04630489154565726,0.53,short,SentenceAI,False Negative,0.0,0.0,0.0,0.0,2.9670908,0.0,0.0
Another way the author supports the idea that studying Venus is a worthy pursuit is by discussing the technological challenges that must be overcome.,1,0,0.22895360177220458,0.53,short,SentenceAI,False Negative,0.0,0.0,0.0,0.0,3.251629,0.0,0.0
"The brainpower used to converse or listen can still take the place of, and delay, reactions needed for safe vehicle operation.",1,0,0.11580800656603982,0.53,short,SentenceAI,False Negative,0.0,0.0,0.0,0.0,2.915196,0.0,0.0
"Some of these advertisements are misleading, making the product seem much better than it really is.",1,0,0.23697268823757228,0.53,short,SentenceAI,False Negative,0.0,0.0,0.0,0.0,2.7806392,0.0,0.0
"This is because Wyoming has only three electoral votes, while California has 55.",1,0,0.17280830899080293,0.53,short,SentenceAI,False Negative,0.0,0.0,0.0,0.0,2.8731406,0.0,0.0
"By presenting a well-rounded argument, the author makes a strong case for the importance of exploring Venus.",1,0,0.24823208874781655,0.53,short,SentenceAI,False Negative,0.3,0.0,0.0,0.0,3.057476,0.0,0.0
"Not only did the student misspell words during his presentation, but he was not able to recall important details from his past experiences.",1,0,0.48318778890561553,0.53,short,SentenceAI,False Negative,0.3,0.0,0.0,0.0,2.871388,0.0,0.0
"This means that once they are used, they will remain in our environment for a very long time, causing harm to animals and humans alike.",1,0,0.2806525984594614,0.53,short,SentenceAI,False Negative,0.0,0.0,0.12,0.0,2.6422923,0.0,0.0
"[Introduction]
In the article ""The Challenge of Exploring Venus"", the author suggests that studying Venus is a worthy pursuit, despite the dangers that it presents.",1,0,0.19053049798605876,0.53,short,SentenceAI,False Negative,0.0,0.0,0.0,0.0,3.1630743,0.0,0.0
"In conclusion, I think that using the Facial Action Coding System in a classroom could be very useful if implemented correctly.",1,0,0.21303594532716477,0.53,short,SentenceAI,False Negative,0.0,0.0,0.04761905,0.04761905,2.9463875,0.0,0.0
My essay will be about a situation two years ago when I was a junior in high school.,1,0,0.16943198778765947,0.53,short,SentenceAI,False Negative,0.0,0.0,0.11111111,0.0,2.849123,0.0,0.0
"So, I decided to do some research and talk to my counselor to see what's what.",1,0,0.1132466037702237,0.53,short,SentenceAI,False Negative,0.0,0.0625,0.125,0.0,2.852217,0.0,0.0
"Not only would this help students become more engaged citizens, but it would also create an avenue of connection between students of different backgrounds.",1,0,0.3904728431017035,0.53,short,SentenceAI,False Negative,0.0,0.0,0.0,0.0,3.1531072,0.0,0.0
Crafts can also be rapidly placed into stable orbits to minimize exposure.,1,0,0.2752970477254157,0.53,short,SentenceAI,False Negative,0.0,0.0,0.0,0.0,2.5849626,0.0,0.0
"So, you know how we've been talking about extending the student release time at our school?",1,0,0.3146129492675056,0.53,short,SentenceAI,False Negative,0.0,0.0625,0.1875,0.0,2.352217,0.0,0.0
The unpredictability of desert weather adds to this adventure - temperatures can fluctuate drastically between day and night while strong winds can cause sand dunes to move around at any moment creating unique scenes each time you look out into the horizon.,1,0,0.5473031625964249,0.64,medium,SentenceAI,False Negative,0.0,0.0,0.023809524,0.0,3.1625855,0.0,0.0
These types of games put players in precarious situations where they must fight off hordes of monsters or otherwise survive deadly environments while trying to figure out mysteries within a story-driven plotline.,1,0,0.40802736888992447,0.64,medium,SentenceAI,False Negative,0.0,0.0,0.03125,0.0,3.2425365,0.0,0.0
The Electoral College was created in 1787 as a compromise between those who wanted the president to be elected by Congress and those who wanted the president to be elected by a popular vote of the people.,1,0,0.5209828923041722,0.64,medium,SentenceAI,False Negative,0.0,0.0,0.0,0.0,2.913894,0.0,0.0
"In Elisabeth Rosenthal's article ""The End of Car Culture,"" she highlights the decrease in car ownership, fewer miles driven, and a decline in the number of licenses being acquired in the United States.",1,0,0.38660838723489965,0.64,medium,SentenceAI,False Negative,0.0,0.0,0.0,0.0,3.1347108,0.0,0.0
