text,label,probability,length_group,applied_threshold,dataset,error_type,distance_from_threshold
"Der Fotograf Aurélien Villette teilt mit den Vertretern der Romantik das Interesse an Ruinen und Fragmentarischem als Bezug zur Gegenwart 
In seiner 1852 erschienenen Novelle Arria Marcella lädt Théophile Gautier die Leser ein, in den Ruinen Pompeijs den Spuren Octavians zu folgen. In dem Maß, wie juvenile Nostalgiker über die Pflaster und Steinfelder der Ruine wandeln, erwachen die Mauern, Fresken und Inschriften zu neuem Leben. Die Stadt ersteht neu, Männer und Frauen in Tuniken politisieren, diskutieren, leben und bevölkern die Stufen der Amphitheater.
Der Fotograf Aurélien Villette teilt mit Gautier, Wilhelm Jensen, E. T. A. Hoffmann und anderen Vertretern der Romantik das Interesse an Ruinen und Fragmentarischem als Bezug zur Gegenwart. Architektur als Macht, als Symbol, Synonym für Emotionen und Befindlichkeiten bestimmt den philosophischen, intellektuellen Hintergrund im OEuvre des 1982 in Chesnay bei Paris geborenen Künstlers.
Villettes Bilder zeigen luzide die Metamorphosen unserer schwankenden Gesellschaft. Er hinterfragt angesichts architektonischer Konstrukte Sinn, Kultur und Wertschätzungen der Vergangenheit. Transkontinental, weltweit. Der Genius Loci der Bewohner bleibt Räumen, auch wenn sie verlassen sind, erhalten. Sichtbar macht dies Aurélien Villette in seinen Serien über Reminiszenz, Verlust, Vergänglichkeit und Unendlichkeit. Auf der Suche nach des Lebens Seele.  (Gregor Auenhammer, Album, 8.9.2015) Aurélien Villette, ""Spirit of Place"". € 59,- / 176 Seiten. teNeues-Verlag, Edition Yellow Korner, Kempen/Paris 2015",0,0.3835663320608662,long,0.38,RAID,False Positive,0.0035663320608662064
Giving students the option to learn from home and wake up later would benefit them by allowing them to be more focus which would lead to them being more productive.,0,0.4036879603511347,short,0.4,SentenceAI,False Positive,0.003687960351134667
Ummm...,1,0.296275802201251,very_short,0.3,SentenceAI,False Negative,0.003724197798748996
No thanks.,1,0.2909448906215795,very_short,0.3,SentenceAI,False Negative,0.009055109378420467
I believe that the community can become better when given advice.,0,0.4102706974853067,short,0.4,SentenceAI,False Positive,0.010270697485306679
Summer Vacation vs.,1,0.2842755615499152,very_short,0.3,SentenceAI,False Negative,0.01572443845008481
"In Elisabeth Rosenthal's article ""The End of Car Culture,"" she highlights the decrease in car ownership, fewer miles driven, and a decline in the number of licenses being acquired in the United States.",1,0.5741245812252738,medium,0.59,SentenceAI,False Negative,0.015875418774726202
"Furthermore concerns arise around how much autonomy we give these machines - if given too much freedom then this raises questions about what would happen if a robot decides decide one course of action over another without consulting its users first which could result in dangerous consequences especially where safety is concerned (e.g., giving medication).",1,0.5739515831181111,medium,0.59,SentenceAI,False Negative,0.01604841688188885
It is not good at all.,0,0.3197895589730448,very_short,0.3,SentenceAI,False Positive,0.019789558973044796
Lets go collect our trophy guys!!!,0,0.3200320280423774,very_short,0.3,SentenceAI,False Positive,0.020032028042377414
Their idealism led to discoveries that changed the world and advanced human knowledge.,1,0.3797253443186431,short,0.4,SentenceAI,False Negative,0.020274655681356946
Heidren Walker and Andrew Selsky can both support that argument that having a car is a lead to stress that a reduction of cars can elimanate.,0,0.4212055004463643,short,0.4,SentenceAI,False Positive,0.021205500446364267
"Cars, the pride and joy of many people.",0,0.3215302003720837,very_short,0.3,SentenceAI,False Positive,0.021530200372083697
Have you ever done any extracurricular activities?,0,0.3224264506226819,very_short,0.3,SentenceAI,False Positive,0.022426450622681893
The residents have reported feeling happier and less stressed without owning a car.,1,0.3750286432126307,short,0.4,SentenceAI,False Negative,0.024971356787369337
"def diff_evod(n):
    # compute sum of even digits
    evens = sum(d for d in str(n) if d % 2 == 0)
    # compute sum of odd digits
    odds = sum(d for d in str(n) if d % 2 != 0)
    # return the difference
    return evens - odds",1,0.5592579249876163,medium,0.59,RAID,False Negative,0.030742075012383685
On the ISS and by the rovers it is measured in Earth GMT time with the standard 24 hour clock .,0,0.4327209816549489,short,0.4,HC3,False Positive,0.032720981654948855
Above all the Electoral College avoid problems of the elections.,0,0.3356568482469139,very_short,0.3,SentenceAI,False Positive,0.0356568482469139
"No . We can do some pretty cool stuff with technology , and this will no doubt continue to improve in future . But ' real magic ' is not even a * tiny bit * possible according to what we know about science today .",0,0.6257307330140289,medium,0.59,HC3,False Positive,0.03573073301402896
"Not only did the student misspell words during his presentation, but he was not able to recall important details from his past experiences.",1,0.3638905669498771,short,0.4,SentenceAI,False Negative,0.03610943305012293
"def is_subset_sum(set, n, sum):
	if (sum == 0):
		return True
	if (n == 0):
		return False
	if (set[n - 1] > sum):
		return is_subset_sum(set, n - 1, sum)
	return is_subset_sum(set, n-1, sum) or is_subset_sum(set, n-1, sum-set[n-1])",0,0.6306315944727205,medium,0.59,RAID,False Positive,0.04063159447272058
"Auftritt auf US-Spielemesse wird auf Pressekonferenz und Meetings beschränktEin halbes Jahr vor dem Start der bedeutendsten Spielemesse E3: Electronic Arts, einer der weltweit größten Games-Konzerne und Aussteller, zieht sich weitestgehend von der Messe zurück. Stattdessen startet man eine eigene Veranstaltung mit dem Namen ""EA Play"".
Die öffentliche Präsenz auf der Electronic Entertainment Expo in Los Angeles wird sich auf Meeting-Räume für Gespräche mit Partnern und Journalisten beschränken. Messestände, auf denen Games vorgeführt werden, wird es nicht geben.
Fan-Event
EA Play wiederum ist vom 12. bis zum 14. Juni angesetzt, kollidiert also mit der E3-Eröffnung und steigt ebenfalls in Los Angeles. Ausgewiesen ist der Event als ""Fanveranstaltung"", die Pressekonferenz von EA steigt am ersten Abend und wird live ins Internet gestreamt. Der gewählte Standort, Club Nokia, befindet sich in der uinmittelbaren Nachbarschaft des Convention Centers, wo die E3 beheimatet ist. Weitere Details zur neuen ""Hausmesse"" will EA erst noch bekannt geben.
foto: ea
Einen eintägigen Termin gibt es am 12. Juni außerdem in London. Interessenten können sich über die Homepage des Unternehmens registrieren.
Wähend EA Play öffentlich zugänglich ist, versteht sich die E3 als Fachmesse, die nur für Besucher aus der Branche, Handel und Presse geöffnet ist. Vergangenes Jahr erhielten aber auch erstmals Spielefans Zutritt, ihr Kartenkontingent war allerdings auf 5.000 Stück limitiert. Insgesamt verzeichnete die E3 2015 etwa 50.000 Besucher. (gpi, 5.2.2016) Links
E3
EA Play",0,0.4217701503464353,long,0.38,RAID,False Positive,0.041770150346435275
My essay will be about a situation two years ago when I was a junior in high school.,1,0.3568280887396666,short,0.4,SentenceAI,False Negative,0.04317191126033343
Who knows what can take place for our future.,0,0.3489968463797552,very_short,0.3,SentenceAI,False Positive,0.04899684637975521
9/11 is the eleventh day in September .,0,0.3492160263885764,very_short,0.3,HC3,False Positive,0.04921602638857642
"The Twin Towers of the World Trade Center in New York City were destroyed on September 11, 2001. The North Tower (Tower 1) was completed in 1970, and the South Tower (Tower 2) was completed in 1971, so at the time of their destruction, the Twin Towers were 31 and 30 years old, respectively.",1,0.536730867623222,medium,0.59,HC3,False Negative,0.053269132376777995
"""It's a good oppurtunity to take away stress and lower air pollution"" said a business man with the name of Carlos Arturo Plaza, as time has gone on other cities including Cali and Valleduar have participated in the event.",0,0.643424705268546,medium,0.59,SentenceAI,False Positive,0.053424705268546036
"Move to iOS im Play Store erhältlich, und wird prompt mit vernichtenden Kritiken bestraftZeit für die Fanfaren – eine echte Premiere steht an. Apple hat parallel zur Freigabe von iOS 9 seine allererste Android-App veröffentlicht. Auf sonderliche viel Gegenliebe scheint diese bei den Android-User bisher aber nicht zu stoßen – mit 1,8 von 5 maximalen Punkten ist die aktuelle Bewertung im Play Store gerade zu vernichtend.
Spurensuche
Das hat natürlich einen guten Grund: Handelt es sich dabei doch um eine App, die Android-Nutzern beim Umstieg auf ein iPhone oder iPad helfen soll. ""Move to iOS"" heißt die App, die verspricht SMS, Lesezeichen, Google-Konto, Fotos und mehr nahtlos auf die Apple-Plattform wandern zu lassen.
Ablauf
Um dies zu ermöglichen, baut die App eine WLAN-Verbindung zwischen den beiden Geräten auf, infolge muss nur mehr ein zehnstelliger Code bestätigt werden. Der iOS-Einrichtungsdialog hat dazu passend mit iOS 9 neben der Möglichkeit der Wiederherstellung eines iCloud-Backups auch die Android-Umstiegs-Option integriert.
Ausblick
Wer auf die erste richtige Apple-App für Android wartet, sollte allerdings auch nicht mehr all zu lange warten müssen. Immerhin hat der Softwarehersteller einen Android-Client für Apple Music versprochen. (red, 17.9.2015) Link
Move to iOS",0,0.4342269114359831,long,0.38,RAID,False Positive,0.05422691143598307
"This is because Wyoming has only three electoral votes, while California has 55.",1,0.3434514744824573,short,0.4,SentenceAI,False Negative,0.05654852551754275
"Passive - aggressive behaviour is the indirect expression of hostility , such as through procrastination , sarcasm , stubbornness , sullenness , or deliberate and repeated failure to accomplish requested tasks for which one is ( often explicitly ) responsible . Example : When others make requests or demands of them , passive aggressive people will often view them as unfair or unjust . Rather than express their feelings on the subject . They will bottle them up and resent the other person for making the demands . In most cases they quickly forget that they did not have to agree to the demand , or that they could have voiced their feelings at the time that the request was made .",0,0.437172768628726,long,0.38,HC3,False Positive,0.057172768628726
It is a fun and easy way to complete this task.,0,0.4579489910674098,short,0.4,SentenceAI,False Positive,0.057948991067409805
"Therefore, most of the governments, including Austria, Australia, Switzerland, Greece, Germany, and different Asian as well as African countries, have imposed restriction on using cell phones during driving.",0,0.4599415761069749,short,0.4,SentenceAI,False Positive,0.05994157610697487
"def find_rect_num(n):
  return n*(n + 1)",0,0.3617713720329129,very_short,0.3,RAID,False Positive,0.061771372032912886
"I don't know if I want to be a doctor or a professional gamer, you know?!"" And they're like, ""Well, you need to decide what you want to do with your life,"" and I'm like, ""But why can't I just figure it out later?!",1,0.5251256973010244,medium,0.59,SentenceAI,False Negative,0.06487430269897554
These types of games put players in precarious situations where they must fight off hordes of monsters or otherwise survive deadly environments while trying to figure out mysteries within a story-driven plotline.,1,0.5205182839002147,medium,0.59,SentenceAI,False Negative,0.06948171609978526
"So, you know how we've been talking about extending the student release time at our school?",1,0.3233386544484066,short,0.4,SentenceAI,False Negative,0.07666134555159343
"This means that once they are used, they will remain in our environment for a very long time, causing harm to animals and humans alike.",1,0.3193208217695236,short,0.4,SentenceAI,False Negative,0.08067917823047643
This is where kids come in.,0,0.3817326309289028,very_short,0.3,SentenceAI,False Positive,0.08173263092890282
"This gives Wyoming more electoral votes per capita than California, even though California has far more people.",1,0.3182327950515755,short,0.4,SentenceAI,False Negative,0.08176720494842454
"Die Europäische Union, die Vereinten Nationen und andere Mächte haben sich darauf verständigt. Die USA wurden aber von ihrem Präsident nicht dazu aufgerufen – nachdem sie an der Bildung des Libyerumsatzsteuererklarungsaufragteil beteiligt sind; das heißt nämlich: Barack Obama ließe es eher als Führender eines Wirtschaftsverbandes vorlückern (""Libyan oil sales tax group starts up""). Dabei muss man wissen dass in Frankreich sowohl bei links wie auch rechts einer breiten Bereitschaft entgegenkommt den Irakern Helfer zu werden unter Sockennamen geltend machend - solange kein echter Gegner zum Angriff gewählt ist! Im Vorfeld eine Art Volksbewegtheit? Umso bess er schwebt wenn alle anderen noch gar keine Erfahrungen dieser Machtfrage kürzen ausgelöschen oder zur Unmündigkeit gelangschlägert wurde?! Und dies so län ge daß selber wiederum nur um möglichst zwarfehlende Zugestimmerei wird!!! Man könn jedoch ebenso leiter fraget ob jetzt etwa gleiche Länder belehrt worden weieren hätten aussagen können was ja berechtigen Grund hat!! Auch für einen Fall werde natürlisch überleg sein wo gerade diese Schutzpässe durchgeschickt erscheinen (Kräftebesprechinbiet) am bestimmsten notwendige nötig gebotene Kompetenz/Ü berzeugingen abliefern müssen wir unseres Übrigens kann ich da allerdings meine Meindeure behauptnen! Sehr gut habe mich hier gefunden. Ja Leben sei nun endlich viel frischer bis danach drunttuerkler herab stolpplung... Einfacher menschenkonzentrat find's doff.... Danke sehr fuer deiner Hilfsaermei ufo",1,0.2934615264360841,long,0.38,RAID,False Negative,0.08653847356391592
It 's a big comfortable piece of furniture that you usually sit and relax on while watching television or entertaining guests .,0,0.4876707848317194,short,0.4,HC3,False Positive,0.08767078483171936
"""Am selben Tag gab die NATO gegenwärtig darüber bekannt, dass bei einem Strafantrag auf einen is-Glaubensfanatiker zwei Insassen der international besetzten Hauptstadt getötet wurden. Ein westliches Militärstellenvertreter gestand spätestens am 29 November 2007 an diesem Vorfall Schuld."" Translation (""A suicide bomber killed ten people on Friday..."") ""... and that at the same time two residents of Afghanistan's capital city were shot dead by foreign troops during a search operation... A western military spokesman confessed responsibility no later than 23rd Nov., [2007]."" There are about 20 more articles but I believe these illustrate what was said above; as far back you can go there will always be mention or indication made for any wrongdoing from those considered to have such power/control over whatever might appear 'bad'. And it'll never change until we ourselves make certain changes (not very likely). But just how hard could this all really truly come? If our minds become closed off then everything else closes down too - if your eyes don't see bad coming into reality when given examples like found here why should they notice anything otherways occurring simultaneously elsewhere even while still reading only mainstream media outlets?! How do things ever improve since with each new case being reported comes another reason which leads them onto next topic soon enough regardless whether true story based events happen today again tomorrow month year after &c.. It does seem quite obvious though considering many times someone wants nothing less so much better: They already know truth isn’ t easily bought out using paper money! This site provides us proof through example(s); also look closely around yourself before calling lies everywhere because sometimes mistakes aren‘ need blame game played unless both sides agree cooperate together peacefully first step towards resolving issues rather fighting among themselves instead.” What role would my research play within society anyway besides giving me something useful occupy mind throughout day long days boring life without love laughs tears happiness joy passion excitement curiosity interest satisfaction contentment fulfillment loneliness boredom resentment anger frustration disappointment disillusion despair dejection depression despondency etceteras ad nauseam ditto plaintively endlessly repeatedly eternally interminably innumerabiliter ex infinitum iteratedly indefessamente continuously perpetually unceasing endlessy monotonously tediously rep",1,0.2906825386585285,long,0.38,RAID,False Negative,0.0893174613414715
"But now we have cars, buses, trains, and planes!",1,0.2075518099798231,very_short,0.3,SentenceAI,False Negative,0.0924481900201769
"When you yawn, your body is trying to get more oxygen. To do this, your chest expands and your lungs fill up with air. The muscles around your eyes may also stretch and cause your eyes to water. This is a normal bodily response and is nothing to be worried about. It's just your body's way of trying to get more oxygen and keep you healthy. So if your eyes water when you yawn, it's not because you're crying, it's just a normal part of the yawning process.",1,0.2804887543200517,long,0.38,HC3,False Negative,0.09951124567994829
