actual_label,predicted_label,ai_probability,human_probability,correct,text,actual_name,predicted_name
0,0,0.00028404905,0.9997159,True,"I went to the market this morning because we had run out of vegetables. It was crowded, so I came back earlier than I normally would.",Human,Human
0,0,0.000106684514,0.9998933,True,"My first semester was harder than I expected. I spent a lot of time trying to understand programming, but eventually the concepts started making sense.",Human,Human
0,0,0.0018063458,0.9981937,True,"Yesterday I missed the bus by about two minutes and had to wait for the next one. It was annoying at the time, but I reached college without being too late.",Human,Human
0,0,0.00013122411,0.99986875,True,I usually prefer studying at night because there are fewer distractions. During the day my phone keeps buzzing and I find myself checking it every few minutes.,Human,Human
0,0,0.06934069,0.9306593,True,"The project worked on my laptop but failed when I tried running it on another computer. After checking the configuration for almost an hour, I finally found that one package had a different version.",Human,Human
0,0,0.003424676,0.9965753,True,"We visited my grandparents during the holidays. My grandmother made too much food as usual, and everyone ended up eating more than they planned.",Human,Human
0,0,0.0019575115,0.99804246,True,I don't really enjoy long meetings. Most of the time the important information could have been explained in a few minutes.,Human,Human
0,0,0.002987667,0.9970123,True,"When I started learning Java, I found classes and objects confusing. Writing small programs helped me understand how they actually work.",Human,Human
0,0,0.016948923,0.98305106,True,"The weather changed suddenly in the afternoon. It was sunny when I left home, but by the time I returned it had started raining heavily.",Human,Human
0,0,0.0004953088,0.9995047,True,I forgot to charge my laptop before leaving for college today. Luckily one of my friends had a charger that was compatible with it.,Human,Human
0,0,0.028071107,0.9719289,True,"Artificial intelligence has become an increasingly important part of modern technology. It can automate repetitive activities, process information efficiently, and support decision-making in many fields.",Human,Human
0,0,0.005252029,0.994748,True,"The development of artificial intelligence is transforming industries by enabling organizations to automate processes, analyze large datasets, and improve operational efficiency.",Human,Human
0,0,0.0013726549,0.99862736,True,"Machine learning provides organizations with powerful tools for identifying patterns in data and making predictions. As computational resources improve, these systems are becoming increasingly capable.",Human,Human
0,0,0.02129889,0.9787011,True,"Artificial intelligence is expected to play a significant role in healthcare, education, finance, transportation, and other sectors. However, responsible development remains essential.",Human,Human
0,0,0.033043154,0.96695685,True,Cybersecurity has become increasingly important as organizations depend on connected systems for everyday operations. Effective security requires both technical controls and awareness among users.,Human,Human
0,0,0.0003890227,0.99961096,True,Cloud computing has changed the way organizations deploy software by providing scalable computing resources without requiring companies to maintain all infrastructure themselves.,Human,Human
0,0,0.019636286,0.9803637,True,Data analytics enables businesses to convert large quantities of information into useful insights. These insights can help organizations understand customer behavior and improve strategic decisions.,Human,Human
0,1,0.65880746,0.34119254,False,"The rapid development of digital technologies has created new opportunities for communication, education, and commerce. At the same time, it has introduced challenges related to privacy and security.",Human,AI
0,0,0.01774642,0.98225355,True,Renewable energy technologies are becoming increasingly important as countries attempt to reduce dependence on fossil fuels and address environmental concerns.,Human,Human
0,0,0.026383646,0.97361636,True,"Modern transportation systems are increasingly incorporating intelligent technologies to improve efficiency, safety, and connectivity between vehicles, infrastructure, and passengers.",Human,Human
1,0,0.0031642113,0.99683577,False,"Artificial intelligence is transforming modern society by automating routine tasks and enhancing data analysis. This technology utilizes complex algorithms to process massive volumes of information rapidly, enabling more informed decision-making across various industries.",AI,Human
1,0,0.0005268129,0.9994732,False,"Artificial intelligence has emerged as a transformative force across numerous sectors, enabling organizations to automate complex workflows, extract meaningful insights from large datasets, and optimize operational efficiency.",AI,Human
1,0,0.0047156806,0.9952843,False,"The integration of artificial intelligence into healthcare has the potential to revolutionize patient care by improving diagnostic accuracy, supporting clinical decision-making, and enabling personalized treatment strategies.",AI,Human
1,0,0.01498126,0.98501873,False,"Education is also being transformed by artificial intelligence, which can provide personalized learning experiences, automate administrative processes, and offer students immediate feedback based on their individual needs.",AI,Human
1,0,0.0038796677,0.99612033,False,"As artificial intelligence continues to evolve, organizations must carefully consider ethical implications, data privacy, transparency, and accountability to ensure that technological advancement remains aligned with societal values.",AI,Human
1,0,9.1860646e-05,0.99990815,False,"The increasing adoption of cloud computing has fundamentally changed modern IT infrastructure by providing organizations with flexible, scalable, and cost-effective access to computational resources.",AI,Human
1,0,0.0037651402,0.99623483,False,Cybersecurity represents a critical component of the modern digital ecosystem because organizations increasingly rely on interconnected systems to store sensitive information and conduct essential business operations.,AI,Human
1,0,0.0061779562,0.99382204,False,Machine learning algorithms can analyze large volumes of historical data to identify meaningful patterns and generate predictions that support more informed and efficient decision-making processes.,AI,Human
1,0,0.0015812884,0.9984187,False,"The continued expansion of digital communication technologies has significantly altered how individuals interact, collaborate, and exchange information across geographical boundaries.",AI,Human
1,0,0.009117505,0.9908825,False,"Renewable energy represents an important component of the transition toward a more sustainable future because solar, wind, and other clean technologies can reduce reliance on conventional fossil fuel sources.",AI,Human
1,0,0.0074502663,0.9925497,False,"Modern transportation infrastructure is increasingly incorporating intelligent systems that improve traffic management, optimize routes, enhance safety, and support more efficient utilization of available resources.",AI,Human
1,0,0.0043766084,0.9956234,False,Data-driven decision-making has become increasingly important for organizations seeking to remain competitive in rapidly changing markets where timely access to accurate information can provide significant strategic advantages.,AI,Human
1,0,0.15518174,0.84481823,False,"The rapid evolution of digital technologies presents both opportunities and challenges for society. While these technologies can improve productivity and accessibility, they also require careful consideration of privacy, security, and ethical concerns.",AI,Human
1,0,0.0044727796,0.9955272,False,"Artificial intelligence systems are becoming increasingly sophisticated, allowing them to perform tasks that previously required substantial human effort. Their continued development is likely to influence employment, education, and economic activity.",AI,Human
1,0,0.01704837,0.98295164,False,"Effective cybersecurity requires a comprehensive approach that combines technological safeguards, organizational policies, employee awareness, continuous monitoring, and timely responses to emerging threats.",AI,Human
1,0,0.012078915,0.98792106,False,"The use of data analytics enables organizations to transform raw information into actionable insights that can improve operational planning, customer understanding, resource allocation, and long-term strategic decision-making.",AI,Human
1,0,0.0016250474,0.99837494,False,Digital transformation has become a major priority for organizations seeking to improve productivity and adapt to changing customer expectations through the strategic adoption of modern technological solutions.,AI,Human
1,0,0.11490942,0.8850906,False,"The growing importance of artificial intelligence demonstrates the need for responsible innovation. Developers and organizations must consider fairness, transparency, privacy, and accountability throughout the lifecycle of intelligent systems.",AI,Human
1,0,0.008893145,0.99110687,False,"Technological progress continues to reshape industries by introducing new methods of automation, communication, analysis, and service delivery. Organizations that effectively integrate these capabilities may gain significant operational advantages.",AI,Human
1,0,0.0009595805,0.9990404,False,"As digital systems become increasingly interconnected, protecting information and maintaining system reliability are essential requirements for organizations operating within modern technology-dependent environments.",AI,Human
