threshold,f1,accuracy
0.3,0.8651162790697674,0.8668503213957759
0.31,0.8683473389355743,0.8705234159779615
0.32,0.868421052631579,0.8714416896235078
0.33,0.8706326723323891,0.8741965105601469
0.34,0.8726235741444867,0.8769513314967861
0.35000000000000003,0.8746411483253589,0.8797061524334252
0.36000000000000004,0.8786127167630058,0.8842975206611571
0.37000000000000005,0.8798449612403101,0.8861340679522498
0.38000000000000006,0.8819512195121951,0.8888888888888888
0.39000000000000007,0.8803921568627451,0.8879706152433425
0.4000000000000001,0.8821218074656189,0.8898071625344353
0.4100000000000001,0.884272997032641,0.8925619834710744
0.4200000000000001,0.8796019900497513,0.8888888888888888
0.4300000000000001,0.8782435129740519,0.8879706152433425
0.4400000000000001,0.8786359077231695,0.8888888888888888
0.4500000000000001,0.8804020100502512,0.8907254361799817
0.46000000000000013,0.8816986855409504,0.8925619834710744
0.47000000000000014,0.8841463414634146,0.8953168044077136
0.48000000000000015,0.8802456499488229,0.8925619834710744
0.49000000000000016,0.8765432098765432,0.8898071625344353
0.5000000000000002,0.8762886597938144,0.8898071625344353
0.5100000000000002,0.8746113989637305,0.8888888888888888
0.5200000000000002,0.8773388773388774,0.891643709825528
0.5300000000000002,0.8807531380753139,0.8953168044077136
0.5400000000000003,0.8795811518324608,0.8943985307621671
0.5500000000000003,0.8805031446540881,0.8953168044077136
0.5600000000000003,0.8740740740740741,0.8907254361799817
0.5700000000000003,0.8699360341151386,0.8879706152433425
0.5800000000000003,0.869098712446352,0.8879706152433425
0.5900000000000003,0.8675995694294941,0.8870523415977961
0.6000000000000003,0.8685344827586207,0.8879706152433425
0.6100000000000003,0.8645720476706392,0.8852157943067034
0.6200000000000003,0.8630434782608696,0.8842975206611571
0.6300000000000003,0.862144420131291,0.8842975206611571
0.6400000000000003,0.8571428571428571,0.8806244260789715
0.6500000000000004,0.8520971302428256,0.8769513314967861
0.6600000000000004,0.8504983388704319,0.8760330578512396
0.6700000000000004,0.8507795100222717,0.8769513314967861
0.6800000000000004,0.846927374301676,0.8741965105601469
0.6900000000000004,0.8419864559819413,0.8714416896235078
0.7000000000000004,0.8340909090909091,0.8659320477502296
